label,index,middle,ring,pinky,thumb
A,0,26,0,0,0
A,0,28,0,0,0
A,0,21,0,0,0
A,0,7,0,0,0
A,0,0,0,0,0
A,0,0,0,0,0
A,0,0,0,0,0
A,0,0,0,0,0
A,0,0,0,0,0
A,0,0,0,0,0
A,0,0,0,0,0
A,0,0,0,0,0
A,0,0,0,0,0
A,0,0,0,0,0
A,0,0,0,0,0
A,0,0,0,0,0
A,0,0,0,0,0
A,0,15,0,0,0
A,0,22,0,0,0
A,0,24,0,0,0
A,0,17,0,0,0
A,0,15,0,0,0
A,0,12,0,0,0
A,0,0,0,0,0
A,0,0,0,0,0
A,0,0,0,0,0
A,0,0,0,0,0
A,0,0,0,0,0
A,0,0,0,0,0
A,0,0,0,0,0
A,0,0,0,0,0
A,0,0,0,0,0
A,0,0,0,0,0
A,0,0,0,0,0
A,0,0,0,0,0
A,0,0,0,0,0
A,0,7,0,0,0
A,0,26,0,0,0
A,0,28,0,0,0
A,0,28,0,0,0
A,0,33,0,0,0
A,0,29,0,0,0
A,0,14,0,0,0
A,0,7,0,0,0
A,0,0,0,0,0
A,0,0,0,0,0
A,0,0,0,0,0
A,0,0,0,0,0
A,0,0,0,0,0
A,0,0,0,0,0
A,0,0,0,0,0
A,0,0,0,0,0
A,0,0,0,0,0
A,0,0,0,0,0
A,0,0,0,0,0
A,0,0,0,0,0
A,0,0,0,0,0
A,0,8,0,0,0
A,0,10,0,0,0
A,0,21,0,0,0
A,0,19,0,0,0
A,0,24,0,0,0
A,0,19,0,0,0
A,0,12,0,0,0
A,0,7,0,0,0
A,0,0,0,0,0
A,0,0,0,0,0
A,0,0,0,0,0
A,0,0,0,0,0
A,0,0,0,0,0
A,0,0,0,0,0
A,0,0,0,0,0
A,0,0,0,0,0
A,0,0,0,0,0
A,0,0,0,0,0
A,0,0,0,0,0
A,0,0,0,0,0
A,0,15,0,0,0
A,0,21,0,0,0
A,0,33,0,0,0
A,0,35,0,0,0
A,0,29,0,0,0
A,0,33,0,0,0
A,0,22,0,0,0
A,0,12,0,0,0
A,0,10,0,0,0
A,0,3,0,0,0
A,0,0,0,0,0
A,0,0,0,0,0
A,0,0,0,0,0
A,0,0,0,0,0
A,0,0,0,0,0
A,0,0,0,0,0
A,0,1,0,0,0
A,0,14,0,0,0
A,0,21,0,0,0
A,0,24,0,0,0
A,0,33,0,0,0
A,0,42,0,0,0
A,0,35,0,0,0
A,0,33,0,0,0
A,0,33,0,0,0
A,0,33,0,0,0
A,0,15,0,0,0
A,0,0,0,0,0
A,0,0,0,0,0
A,0,0,0,0,0
A,0,0,0,0,0
A,0,0,0,0,0
A,0,0,0,0,0
A,0,0,0,0,0
A,0,0,0,0,0
A,0,0,0,0,0
A,0,0,0,0,0
A,0,0,0,0,0
A,0,1,0,0,0
A,0,8,0,0,0
A,0,19,0,0,0
A,0,22,0,0,0
A,0,26,0,0,0
A,0,19,0,0,0
A,0,15,0,0,0
A,0,12,0,0,0
A,0,10,0,0,0
A,0,3,0,0,0
A,0,0,0,0,0
A,0,0,0,0,0
A,0,0,0,0,0
A,0,0,0,0,0
A,0,0,0,0,0
A,0,0,0,0,0
A,0,0,0,0,0
A,0,0,0,0,0
A,0,0,0,0,0
A,0,3,0,0,0
A,0,8,0,0,0
A,0,17,0,0,0
A,0,31,0,0,0
A,0,31,0,0,0
A,0,35,0,0,0
A,0,33,0,0,0
A,0,22,0,0,0
A,0,7,0,0,0
A,0,0,0,0,0
A,0,0,0,0,0
A,0,0,0,0,0
A,0,0,0,0,0
A,0,0,0,0,0
A,0,0,0,0,0
A,0,0,0,0,0
A,0,0,0,0,0
A,0,0,0,0,0
A,0,0,0,0,0
A,0,0,0,0,0
A,0,0,0,0,0
A,0,0,0,0,0
A,0,15,0,0,0
A,0,29,0,0,0
A,0,36,0,0,0
A,0,42,0,0,0
A,0,47,0,0,0
A,0,43,0,0,0
A,0,40,0,0,0
A,0,33,0,0,0
A,0,19,0,0,0
A,0,8,0,0,0
A,0,0,0,0,0
A,0,0,0,0,0
A,0,0,0,0,0
A,0,0,0,0,0
A,0,0,0,0,0
A,0,0,0,0,0
A,0,0,0,0,0
A,0,0,0,0,0
A,0,0,0,0,0
A,0,15,0,0,0
A,0,24,0,0,0
A,0,35,0,0,0
A,0,40,0,0,0
A,0,40,0,0,0
A,0,38,0,0,0
A,0,38,0,0,0
A,0,35,0,0,0
A,0,26,0,0,0
A,0,15,0,0,0
A,0,3,0,0,0
A,0,0,0,0,0
A,0,0,0,0,0
A,0,0,0,0,0
A,0,0,0,0,0
A,0,0,0,0,0
A,0,0,0,0,0
A,0,0,0,0,0
A,0,0,0,0,0
A,0,0,0,0,0
A,0,0,0,0,0
A,0,3,0,0,0
A,0,14,0,0,0
A,0,24,0,0,0
A,0,31,0,0,0
A,0,35,0,0,0
A,0,38,0,0,0
A,0,29,0,0,0
A,0,21,0,0,0
A,0,10,0,0,0
A,0,0,0,0,0
A,0,0,0,0,0
A,0,0,0,0,0
A,0,0,0,0,0
A,0,0,0,0,0
A,0,0,0,0,0
A,0,0,0,0,0
A,0,0,0,0,0
A,0,0,0,0,0
A,0,0,0,0,0
A,0,14,0,0,0
A,0,14,0,0,0
A,0,29,0,0,0
A,0,36,0,0,0
A,0,35,0,0,0
A,0,33,0,0,0
A,0,33,0,0,0
A,0,26,0,0,0
A,0,17,0,0,0
A,0,5,0,0,0
A,0,0,0,0,0
A,0,0,0,0,0
A,0,0,0,0,0
A,0,0,0,0,0
A,0,0,0,0,0
A,0,0,0,0,0
A,0,0,0,0,0
A,0,0,0,0,0
A,0,0,0,0,0
A,0,0,0,0,0
A,0,0,0,0,0
A,0,0,0,0,0
A,0,0,0,0,0
A,0,0,0,0,0
A,0,0,0,0,0
A,0,0,0,0,0
A,0,0,0,0,0
A,0,0,0,0,0
A,0,0,0,0,0
A,0,0,0,0,0
A,0,0,0,0,0
A,0,0,0,0,0
A,0,0,0,0,0
A,0,0,0,0,0
A,0,0,0,0,0
A,0,0,0,0,0
A,0,0,0,0,0
A,0,0,0,0,0
A,0,0,0,0,0
A,0,0,0,0,0
A,0,5,0,0,0
A,0,15,0,0,0
A,0,28,0,0,0
A,0,36,0,0,0
A,0,28,0,0,0
A,0,26,0,0,0
A,0,31,0,0,0
A,0,26,0,0,0
A,0,12,0,0,0
A,0,0,0,0,0
A,0,0,0,0,0
A,0,0,0,0,0
A,0,0,0,0,0
A,0,0,0,0,0
A,0,0,0,0,0
A,0,0,0,0,0
A,0,0,0,0,0
A,0,0,0,0,0
A,0,0,0,0,0
A,0,0,0,0,0
A,0,7,0,0,0
A,0,19,0,0,0
A,0,33,0,0,0
A,0,31,0,0,0
A,0,36,0,0,0
A,0,36,0,0,0
A,0,35,0,0,0
A,0,24,0,0,0
A,0,15,0,0,0
A,1,17,0,0,0
A,0,0,0,0,0
A,0,0,0,0,0
A,0,0,0,0,0
A,0,0,0,0,0
A,0,0,0,0,0
A,0,0,0,0,0
A,0,0,0,0,0
A,0,0,0,0,0
A,0,0,0,0,0
A,0,1,0,0,0
A,0,14,0,0,0
A,0,10,0,0,0
A,0,14,0,0,0
A,0,31,0,0,0
A,0,36,0,0,0
A,0,40,0,0,0
A,0,29,0,0,0
A,0,28,0,0,0
A,0,10,0,0,0
A,0,1,0,0,0
A,0,0,0,0,0
A,0,0,0,0,0
A,0,0,0,0,0
A,0,0,0,0,0
A,0,0,0,0,0
A,0,0,0,0,0
A,0,0,0,0,0
A,0,0,0,0,0
A,0,7,0,0,0
A,0,15,0,0,0
A,0,24,0,0,0
A,0,28,0,0,0
A,0,35,0,0,0
A,0,38,0,0,0
A,0,42,0,0,0
A,0,31,0,0,0
A,0,31,0,0,0
A,0,29,0,0,0
A,0,7,0,0,0
A,0,0,0,0,0
A,0,0,0,0,0
A,0,0,0,0,0
A,0,0,0,0,0
A,0,0,0,0,0
A,0,0,0,0,0
A,0,0,0,0,0
A,0,0,0,0,0
A,0,0,0,0,0
A,0,0,0,0,0
A,0,0,0,0,0
A,0,1,0,0,0
A,0,8,0,0,0
A,0,26,0,0,0
A,0,38,0,0,0
A,0,40,0,0,0
A,0,35,0,0,0
A,0,36,0,0,0
A,0,26,0,0,0
A,0,15,0,0,0
A,0,8,0,0,0
A,0,8,0,0,0
A,0,0,0,0,0
A,0,0,0,0,0
A,0,0,0,0,0
A,0,0,0,0,0
A,0,0,0,0,0
A,0,0,0,0,0
A,0,0,0,0,0
A,0,0,0,0,0
A,0,0,0,0,0
A,0,0,0,0,0
A,0,8,0,0,0
A,0,26,0,0,0
A,0,36,0,0,0
A,0,35,0,0,0
A,0,36,0,0,0
A,0,21,0,0,0
A,0,5,0,0,0
A,0,8,0,0,0
A,0,8,0,0,0
A,0,0,0,0,0
A,0,0,0,0,0
A,0,0,0,0,0
A,0,0,0,0,0
A,0,0,0,0,0
A,0,0,0,0,0
A,0,0,0,0,0
A,0,0,0,0,0
A,0,0,0,0,0
A,0,0,0,0,0
A,0,5,0,0,0
A,0,15,0,0,0
A,0,29,0,0,0
A,0,38,0,0,0
A,0,43,0,0,0
A,0,49,0,0,0
A,0,54,0,0,0
A,0,56,0,0,0
A,0,38,0,0,0
A,0,28,0,0,0
A,0,10,0,0,0
A,0,0,0,0,0
A,0,0,0,0,0
A,0,0,0,0,0
A,0,0,0,0,0
A,0,0,0,0,0
A,0,0,0,0,0
A,0,0,0,0,0
A,0,0,0,0,0
A,0,7,0,0,0
A,0,22,0,0,0
A,0,35,0,0,0
A,0,49,0,0,0
A,0,57,0,0,0
A,0,54,0,0,0
A,0,45,0,0,0
A,0,43,0,0,0
A,0,36,0,0,0
A,0,22,0,0,0
A,0,12,0,0,0
A,0,5,0,0,0
A,0,0,0,0,0
A,0,0,0,0,0
A,0,0,0,0,0
A,0,0,0,0,0
A,0,0,0,0,0
A,0,0,0,0,0
A,0,0,0,0,0
A,0,0,0,0,0
A,0,0,0,0,0
A,0,3,0,0,0
A,0,10,0,0,0
A,0,22,0,0,0
A,0,36,0,0,0
A,0,42,0,0,0
A,0,33,0,0,0
A,0,24,0,0,0
A,0,8,0,0,0
A,0,5,0,0,0
A,0,3,0,0,0
A,0,0,0,0,0
A,0,0,0,0,0
A,0,0,0,0,0
A,0,0,0,0,0
A,0,0,0,0,0
A,0,0,0,0,0
A,0,0,0,0,0
A,0,0,0,0,0
A,0,0,0,0,0
A,0,0,0,0,0
A,0,8,0,0,0
A,0,28,0,0,0
A,0,35,0,0,0
A,0,36,0,0,0
A,0,49,0,0,0
A,0,52,0,0,0
A,0,50,0,0,0
A,0,40,0,0,0
A,0,22,0,0,0
A,0,15,0,0,0
A,0,0,0,0,0
A,0,0,0,0,0
A,0,0,0,0,0
A,0,0,0,0,0
A,0,0,0,0,0
A,0,0,0,0,0
A,0,0,0,0,0
A,0,0,0,0,0
A,0,0,0,0,0
A,0,0,0,0,0
A,0,17,0,0,0
A,0,21,0,0,0
A,0,22,0,0,0
A,0,22,0,0,0
A,0,28,0,0,0
A,0,33,0,0,0
A,0,31,0,0,0
A,0,12,0,0,0
A,0,1,0,0,0
A,0,0,0,0,0
A,0,0,0,0,0
A,0,0,0,0,0
A,0,0,0,0,0
A,0,0,0,0,0
A,0,0,0,0,0
A,0,0,0,0,0
A,0,0,0,0,0
A,1,0,0,0,0
A,1,0,0,0,0
A,1,0,0,0,0
A,1,0,0,0,0
A,1,17,0,0,0
A,1,22,0,0,0
A,0,28,0,0,0
A,0,36,0,0,0
A,0,38,0,0,0
A,0,35,0,0,0
A,0,26,0,0,0
A,0,21,0,0,0
A,0,10,0,0,0
A,0,0,0,0,0
A,0,0,0,0,0
A,0,0,0,0,0
A,0,0,0,0,0
A,0,0,0,0,0
A,0,0,0,0,0
A,0,0,0,0,0
A,0,0,0,0,0
A,1,0,0,0,0
A,1,0,0,0,0
A,1,0,0,0,0
A,1,0,0,0,0
A,1,0,0,0,0
A,1,5,0,0,0
A,1,10,0,0,0
A,1,21,0,0,0
A,1,19,0,0,0
A,1,15,0,0,0
A,0,12,0,0,0
A,0,10,0,0,0
A,0,0,0,0,0
A,0,0,0,0,0
A,0,0,0,0,0
A,0,0,0,0,0
A,0,0,0,0,0
A,0,0,0,0,0
A,0,0,0,0,0
A,0,0,0,0,0
A,0,0,0,0,0
A,0,0,0,0,0
A,0,10,0,0,0
A,0,29,0,0,0
A,0,45,0,0,0
A,0,52,0,0,0
A,0,47,0,0,0
A,0,42,0,0,0
A,0,43,0,0,0
A,0,28,0,0,0
A,0,21,0,0,0
A,0,1,0,0,0
A,0,0,0,0,0
A,0,0,0,0,0
A,0,0,0,0,0
A,0,0,0,0,0
A,0,0,0,0,0
A,0,0,0,0,0
A,0,0,0,0,0
A,0,0,0,0,0
A,0,0,0,0,0
A,1,0,0,0,0
A,0,0,0,0,0
A,0,0,0,0,0
A,0,5,0,0,0
A,0,1,0,0,0
A,0,15,0,0,0
A,0,14,0,0,0
A,0,12,0,0,0
A,0,7,0,0,0
A,0,0,0,0,0
A,0,0,0,0,0
A,0,0,0,0,0
A,0,0,0,0,0
A,0,0,0,0,0
A,0,0,0,0,0
A,0,0,0,0,0
A,0,0,0,0,0
A,0,0,0,0,0
A,0,0,0,0,0
A,0,0,0,0,0
A,0,0,0,0,0
A,0,0,0,0,0
A,0,14,0,0,0
A,0,24,0,0,0
A,0,31,0,0,0
A,0,26,0,0,0
A,1,31,0,0,0
A,1,28,0,0,0
A,1,28,0,0,0
A,1,12,0,0,0
A,1,0,0,0,0
A,1,0,0,0,0
A,1,0,0,0,0
A,1,0,0,0,0
A,1,0,0,0,0
A,0,0,0,0,0
A,0,0,0,0,0
A,0,0,0,0,0
A,1,0,0,0,0
A,0,0,0,0,0
A,1,0,0,0,0
A,0,0,0,0,0
A,0,3,0,0,0
A,0,17,0,0,0
A,0,22,0,0,0
A,0,28,0,0,0
A,0,31,0,0,0
A,0,22,0,0,0
A,0,26,0,0,0
A,0,14,0,0,0
A,0,5,0,0,0
A,0,0,0,0,0
A,0,0,0,0,0
A,0,0,0,0,0
A,0,0,0,0,0
A,0,0,0,0,0
A,0,0,0,0,0
A,0,0,0,0,0
A,0,0,0,0,0
A,0,0,0,0,0
A,0,0,0,0,0
A,0,0,0,0,0
A,0,0,0,0,0
A,0,8,0,0,0
A,0,7,0,0,0
A,0,22,0,0,0
A,0,31,0,0,0
A,0,29,0,0,0
A,0,28,0,0,0
A,0,29,0,0,0
A,0,8,0,0,0
A,0,5,0,0,0
A,0,8,0,0,0
A,0,0,0,0,0
A,0,0,0,0,0
A,0,0,0,0,0
A,0,0,0,0,0
A,0,0,0,0,0
A,0,0,0,0,0
A,0,0,0,0,0
A,0,0,0,0,0
A,0,0,0,0,0
A,0,0,0,0,0
A,0,1,0,0,0
A,0,0,0,0,0
A,0,0,0,0,0
A,0,1,0,0,0
A,0,0,0,0,0
A,0,0,0,0,0
A,0,0,0,0,0
A,0,0,0,0,0
A,0,0,0,0,0
A,0,0,0,0,0
A,0,0,0,0,0
A,0,0,0,0,0
A,0,0,0,0,0
A,0,0,0,0,0
A,0,0,0,0,0
A,0,0,0,0,0
A,0,0,0,0,0
A,0,0,0,0,0
A,0,0,0,0,0
A,0,15,0,0,0
A,0,29,0,0,0
A,0,36,0,0,0
A,0,40,0,0,0
A,0,49,0,0,0
A,0,40,0,0,0
A,0,28,0,0,0
A,0,15,0,0,0
A,0,1,0,0,0
A,0,0,0,0,0
A,0,0,0,0,0
A,0,0,0,0,0
A,0,0,0,0,0
A,0,0,0,0,0
A,0,0,0,0,0
A,0,0,0,0,0
A,0,0,0,0,0
A,0,0,0,0,0
A,0,0,0,0,0
A,0,3,0,0,0
A,0,8,0,0,0
A,0,7,0,0,0
A,0,0,0,0,0
A,0,7,0,0,0
A,0,3,0,0,0
A,0,0,0,0,0
A,0,0,0,0,0
A,0,0,0,0,0
A,0,0,0,0,0
A,0,0,0,0,0
A,0,0,0,0,0
A,0,0,0,0,0
A,0,0,0,0,0
A,0,0,0,0,0
A,0,0,0,0,0
A,0,0,0,0,0
A,0,0,0,0,0
A,0,0,0,0,0
A,0,0,0,0,0
A,0,0,0,0,0
A,0,0,0,0,0
A,0,3,0,0,0
A,0,14,0,0,0
A,0,24,0,0,0
A,0,19,0,0,0
A,0,14,0,0,0
A,0,0,0,0,0
A,0,0,0,0,0
A,0,0,0,0,0
A,0,0,0,0,0
A,0,0,0,0,0
A,0,0,0,0,0
A,0,0,0,0,0
A,0,0,0,0,0
A,0,0,0,0,0
A,0,0,0,0,0
A,0,0,0,0,0
A,0,0,0,0,0
A,0,0,0,0,0
A,0,0,0,0,0
A,0,0,0,0,0
A,0,0,0,0,0
A,0,7,0,0,0
A,0,21,0,0,0
A,0,17,0,0,0
A,0,14,0,0,0
A,0,5,0,0,0
A,0,7,0,0,0
A,0,0,0,0,0
A,0,0,0,0,0
A,0,0,0,0,0
A,0,0,0,0,0
A,0,0,0,0,0
A,0,0,0,0,0
A,0,0,0,0,0
A,0,0,0,0,0
A,0,0,0,0,0
A,0,0,0,0,0
A,0,5,0,0,0
A,0,28,0,0,0
A,0,28,0,0,0
A,0,43,0,0,0
A,0,50,0,0,0
A,0,61,0,0,0
A,0,49,0,0,0
A,0,50,0,0,0
A,0,38,0,0,0
A,0,19,0,0,0
A,0,5,0,0,0
A,0,0,0,0,0
A,0,0,0,0,0
A,0,0,0,0,0
A,0,0,0,0,0
A,0,0,0,0,0
A,0,0,0,0,0
A,0,0,0,0,0
A,0,0,0,0,0
A,0,7,0,0,0
A,0,21,0,0,0
A,0,33,0,0,0
A,0,38,0,0,0
A,0,47,0,0,0
A,0,63,0,0,0
A,0,63,0,0,0
A,0,64,0,0,0
A,0,57,0,0,0
A,0,38,0,0,0
A,0,21,0,0,0
A,0,5,0,0,0
A,0,0,0,0,0
A,0,0,0,0,0
A,0,0,0,0,0
A,0,0,0,0,0
A,0,0,0,0,0
A,0,0,0,0,0
A,0,0,0,0,0
A,0,0,0,0,0
A,0,1,0,0,0
A,0,17,0,0,0
A,0,24,0,0,0
A,0,31,0,0,0
A,0,43,0,0,0
A,1,49,0,0,0
A,1,47,0,0,0
A,1,45,0,0,0
A,1,40,0,0,0
A,1,28,0,0,0
A,1,19,0,0,0
A,1,5,0,0,0
A,1,0,0,0,0
A,1,0,0,0,0
A,1,0,0,0,0
A,1,0,0,0,0
A,1,0,0,0,0
A,0,0,0,0,0
A,0,0,0,0,0
A,0,0,0,0,0
A,0,0,0,0,0
A,0,14,0,0,0
A,0,35,0,0,0
A,0,43,0,0,0
A,0,50,0,0,0
A,0,59,0,0,0
A,0,61,0,0,0
A,0,64,0,0,0
A,0,56,0,0,0
A,0,35,0,0,0
A,0,28,0,0,0
A,0,14,0,0,0
A,0,0,0,0,0
A,0,0,0,0,0
A,0,0,0,0,0
A,0,0,0,0,0
A,0,0,0,0,0
A,0,0,0,0,0
A,0,0,0,0,0
A,0,0,0,0,0
A,0,0,0,0,0
A,0,0,0,0,0
A,0,0,0,0,0
A,0,1,0,0,0
A,0,15,0,0,0
A,0,19,0,0,0
A,1,31,0,0,0
A,0,42,0,0,0
A,0,36,0,0,0
A,0,33,0,0,0
A,0,26,0,0,0
A,0,19,0,0,0
A,0,0,0,0,0
A,0,0,0,0,0
A,0,0,0,0,0
A,0,0,0,0,0
A,0,0,0,0,0
A,0,0,0,0,0
A,0,0,0,0,0
A,0,0,0,0,0
A,0,0,0,0,0
A,0,0,0,0,0
A,0,0,0,0,0
A,0,8,0,0,0
A,0,26,0,0,0
A,0,22,0,0,0
A,0,22,0,0,0
A,0,21,0,0,0
A,0,24,0,0,0
A,0,17,0,0,0
A,0,8,0,0,0
A,0,0,0,0,0
A,0,0,0,0,0
A,0,0,0,0,0
A,0,0,0,0,0
A,0,0,0,0,0
A,0,0,0,0,0
A,0,0,0,0,0
A,0,0,0,0,0
A,0,0,0,0,0
A,0,0,0,0,0
A,0,0,0,0,0
A,0,12,0,0,0
A,0,26,0,0,0
A,0,24,0,0,0
A,0,31,0,0,0
A,0,40,0,0,0
A,0,42,0,0,0
A,0,29,0,0,0
A,0,22,0,0,0
A,0,5,0,0,0
A,0,0,0,0,0
A,0,0,0,0,0
A,0,0,0,0,0
A,0,0,0,0,0
A,0,0,0,0,0
A,0,0,0,0,0
A,0,0,0,0,0
A,0,0,0,0,0
A,0,0,0,0,0
A,0,0,0,0,0
A,0,15,0,0,0
A,0,22,0,0,0
A,0,28,0,0,0
A,0,43,0,0,0
A,0,38,0,0,0
A,0,36,0,0,0
A,0,33,0,0,0
A,0,29,0,0,0
A,0,22,0,0,0
A,0,10,0,0,0
A,0,0,0,0,0
A,0,0,0,0,0
A,0,0,0,0,0
A,0,0,0,0,0
A,0,0,0,0,0
A,0,0,0,0,0
A,0,0,0,0,0
A,0,0,0,0,0
A,0,0,0,0,0
A,0,0,0,0,0
A,0,0,0,0,0
A,0,8,0,0,0
A,0,15,0,0,0
A,0,22,0,0,0
A,0,28,0,0,0
A,0,31,0,0,0
A,0,28,0,0,0
A,0,24,0,0,0
A,0,14,0,0,0
A,0,5,0,0,0
A,0,0,0,0,0
A,0,0,0,0,0
A,0,0,0,0,0
A,0,0,0,0,0
A,0,0,0,0,0
A,0,0,0,0,0
A,0,0,0,0,0
A,0,0,0,0,0
A,0,0,0,0,0
A,0,0,0,0,0
A,0,19,0,0,0
A,0,26,0,0,0
A,1,35,0,0,0
A,1,42,0,0,0
A,0,38,0,0,0
A,0,47,0,0,0
A,0,47,0,0,0
A,0,40,0,0,0
A,0,17,0,0,0
A,0,0,0,0,0
A,0,0,0,0,0
A,0,0,0,0,0
A,0,0,0,0,0
A,0,0,0,0,0
A,0,0,0,0,0
A,0,0,0,0,0
A,0,0,0,0,0
A,0,0,0,0,0
A,0,0,0,0,0
A,0,8,0,0,0
A,0,10,0,0,0
A,0,26,0,0,0
A,0,36,0,0,0
A,0,38,0,0,0
A,0,40,0,0,0
A,0,38,0,0,0
A,0,28,0,0,0
A,0,12,0,0,0
A,0,12,0,0,0
A,0,0,0,0,0
A,0,0,0,0,0
A,0,0,0,0,0
A,0,0,0,0,0
A,0,0,0,0,0
A,0,0,0,0,0
A,0,0,0,0,0
A,0,0,0,0,0
A,0,0,0,0,0
A,0,0,0,0,0
A,0,0,0,0,0
A,0,0,0,0,0
A,0,0,0,0,0
A,0,14,0,0,0
A,0,33,0,0,0
A,0,43,0,0,0
A,0,43,0,0,0
A,0,50,0,0,0
A,0,47,0,0,0
A,0,35,0,0,0
A,0,29,0,0,0
A,0,10,0,0,0
A,0,0,0,0,0
A,0,0,0,0,0
A,0,0,0,0,0
A,0,0,0,0,0
A,0,0,0,0,0
A,0,0,0,0,0
A,0,0,0,0,0
A,0,0,0,0,0
A,0,0,0,0,0
A,0,0,0,0,0
A,0,7,0,0,0
A,0,26,0,0,0
A,0,28,0,0,0
A,0,42,0,0,0
A,0,47,0,0,0
A,0,36,0,0,0
A,0,36,0,0,0
A,0,21,0,0,0
A,0,15,0,0,0
A,0,0,0,0,0
A,0,0,0,0,0
A,0,0,0,0,0
A,0,0,0,0,0
A,0,0,0,0,0
A,0,0,0,0,0
A,0,0,0,0,0
A,0,0,0,0,0
A,0,0,0,0,0
A,0,0,0,0,0
A,0,3,0,0,0
A,0,28,0,0,0
A,0,36,0,0,0
A,0,47,0,0,0
A,0,43,0,0,0
A,0,40,0,0,0
A,0,42,0,0,0
A,0,36,0,0,0
A,0,28,0,0,0
A,1,14,0,0,0
A,0,0,0,0,0
A,1,0,0,0,0
A,0,0,0,0,0
A,0,0,0,0,0
A,0,0,0,0,0
A,0,0,0,0,0
A,0,0,0,0,0
A,0,0,0,0,0
A,0,0,0,0,0
A,0,0,0,0,0
A,0,0,0,0,0
A,0,14,0,0,0
A,0,29,0,0,0
A,0,45,0,0,0
A,0,47,0,0,0
A,0,47,0,0,0
B,0,5,0,0,0
B,1,14,0,0,0
B,1,22,0,0,0
B,1,36,0,0,0
B,1,38,0,0,0
B,1,33,0,0,0
B,1,29,0,0,0
B,1,22,0,0,0
B,0,19,0,0,0
B,0,1,0,0,0
B,0,0,0,0,0
B,0,0,0,0,0
B,0,0,0,0,0
B,0,0,0,0,0
B,0,0,0,0,0
B,0,0,0,0,0
B,0,0,0,0,0
B,0,0,0,0,0
B,0,0,0,0,0
B,0,3,0,0,0
B,0,14,0,0,0
B,0,24,0,0,0
B,0,24,0,0,0
B,0,28,0,0,0
B,0,24,0,0,0
B,0,21,0,0,0
B,0,15,0,0,0
B,0,12,0,0,0
B,0,7,0,0,0
B,0,0,0,0,0
B,0,0,0,0,0
B,0,0,0,0,0
B,0,0,0,0,0
B,0,0,0,0,0
B,0,0,0,0,0
B,0,0,0,0,0
B,0,0,0,0,0
B,0,0,0,0,0
B,0,0,0,0,0
B,1,0,0,0,0
B,2,0,0,0,0
B,2,1,0,0,0
B,3,19,0,0,0
B,3,26,0,0,0
B,3,28,0,0,0
B,3,35,0,0,0
B,3,24,0,0,0
B,3,26,0,0,0
B,3,14,0,0,0
B,3,3,0,0,0
B,2,0,0,0,0
B,2,0,0,0,0
B,1,0,0,0,0
B,1,0,0,0,0
B,1,0,0,0,0
B,1,0,0,0,0
B,1,0,0,0,0
B,1,0,0,0,0
B,1,0,0,0,0
B,1,0,0,0,0
B,1,12,0,0,0
B,2,26,0,0,0
B,4,38,0,0,0
B,5,43,0,0,0
B,15,50,0,0,0
B,24,49,0,0,0
B,34,40,0,0,0
B,44,33,0,0,0
B,53,24,0,0,0
B,63,15,0,0,0
B,72,5,0,0,0
B,80,0,0,0,0
B,88,0,0,0,0
B,87,0,0,0,0
B,77,0,0,0,0
B,77,0,0,0,0
B,77,0,0,0,0
B,67,0,0,0,0
B,58,8,0,0,0
B,48,12,0,0,0
B,39,26,0,0,0
B,30,28,0,0,0
B,21,38,0,0,0
B,21,45,0,0,0
B,21,47,0,0,0
B,11,45,0,0,0
B,1,42,0,0,0
B,1,29,0,0,0
B,1,28,0,0,0
B,1,21,0,0,0
B,1,8,0,0,0
B,1,0,0,0,0
B,1,0,0,0,0
B,0,0,0,0,0
B,0,0,0,0,0
B,1,0,0,0,0
B,1,0,0,0,0
B,1,0,0,0,0
B,1,0,0,0,0
B,1,0,0,0,0
B,1,0,0,0,0
B,1,0,0,0,0
B,1,10,0,0,0
B,1,12,0,0,0
B,1,19,0,0,0
B,1,26,0,0,0
B,1,26,0,0,0
B,1,21,0,0,0
B,1,14,0,0,0
B,1,3,0,0,0
B,1,0,0,0,0
B,1,0,0,0,0
B,1,0,0,0,0
B,1,0,0,0,0
B,1,0,0,0,0
B,1,0,0,0,0
B,1,0,0,0,0
B,1,0,0,0,0
B,1,0,0,0,0
B,1,3,0,0,0
B,1,14,0,0,0
B,1,24,0,0,0
B,1,40,0,0,0
B,1,42,0,0,0
B,1,36,0,0,0
B,1,31,0,0,0
B,1,29,0,0,0
B,1,22,0,0,0
B,1,3,0,0,0
B,1,0,0,0,0
B,10,0,0,0,0
B,19,0,0,0,0
B,19,0,0,0,0
B,19,0,0,0,0
B,19,0,0,0,0
B,29,0,0,0,0
B,39,0,0,0,0
B,49,0,0,0,0
B,59,0,0,0,0
B,68,1,0,0,0
B,69,12,0,0,0
B,70,28,0,0,0
B,80,43,0,0,0
B,90,47,0,0,0
B,90,57,0,0,0
B,80,63,0,0,0
B,70,63,0,0,0
B,60,50,0,0,0
B,51,33,0,0,0
B,41,22,0,0,0
B,31,14,0,0,0
B,21,0,0,0,0
B,11,0,0,0,0
B,1,0,0,0,0
B,1,0,0,0,0
B,1,0,0,0,0
B,2,0,0,0,0
B,12,0,0,0,0
B,21,0,0,0,0
B,31,10,0,0,0
B,41,15,0,0,0
B,51,26,0,0,0
B,61,38,0,0,0
B,71,43,0,0,0
B,72,40,0,0,0
B,82,38,0,0,0
B,91,31,0,0,0
B,91,19,0,0,0
B,91,7,0,0,0
B,91,0,0,0,0
B,90,0,0,0,0
B,89,0,0,0,0
B,89,0,0,0,0
B,88,0,0,0,0
B,96,0,0,0,0
B,96,0,0,0,0
B,96,0,0,0,0
B,96,0,0,0,0
B,96,0,0,0,0
B,97,0,0,0,0
B,97,0,0,0,0
B,98,3,0,0,0
B,99,12,0,0,0
B,99,21,0,0,0
B,99,21,0,0,0
B,100,29,0,0,0
B,100,33,0,0,0
B,100,35,0,0,0
B,99,31,0,0,0
B,99,24,0,0,0
B,98,17,0,0,0
B,97,3,0,0,0
B,97,0,0,0,0
B,97,0,0,0,0
B,96,0,0,0,0
B,96,0,0,0,0
B,96,0,0,0,0
B,96,0,0,0,0
B,97,0,0,0,0
B,97,7,0,0,0
B,98,22,0,0,0
B,98,33,0,0,0
B,99,43,0,0,0
B,99,49,0,0,0
B,100,52,0,0,0
B,100,54,0,0,0
B,100,49,0,0,0
B,100,45,0,0,0
B,99,31,0,0,0
B,99,12,0,0,0
B,98,1,0,0,0
B,98,0,0,0,0
B,97,0,0,0,0
B,96,0,0,0,0
B,96,0,0,0,0
B,96,0,0,0,0
B,96,0,0,0,0
B,96,0,0,0,0
B,96,0,0,0,0
B,97,10,0,0,0
B,97,15,0,0,0
B,98,29,0,0,0
B,98,35,0,0,0
B,99,36,0,0,0
B,99,42,0,0,0
B,100,38,0,0,0
B,100,36,0,0,0
B,100,33,0,0,0
B,99,21,0,0,0
B,99,10,0,0,0
B,98,0,0,0,0
B,97,0,0,0,0
B,97,0,0,0,0
B,96,0,0,0,0
B,96,0,0,0,0
B,96,0,0,0,0
B,96,0,0,0,0
B,96,0,0,0,0
B,96,0,0,0,0
B,96,3,0,0,0
B,97,17,0,0,0
B,98,19,0,0,0
B,99,21,0,0,0
B,99,26,0,0,0
B,99,21,0,0,0
B,100,22,0,0,0
B,100,17,0,0,0
B,100,10,0,0,0
B,99,0,0,0,0
B,99,0,0,0,0
B,98,0,0,0,0
B,98,0,0,0,0
B,97,0,0,0,0
B,97,0,0,0,0
B,96,0,0,0,0
B,96,0,0,0,0
B,96,0,0,0,0
B,96,0,0,0,0
B,96,0,0,0,0
B,97,14,0,0,0
B,97,28,0,0,0
B,98,35,0,0,0
B,99,45,0,0,0
B,99,56,0,0,0
B,99,49,0,0,0
B,100,47,0,0,0
B,100,43,0,0,0
B,100,36,0,0,0
B,99,19,0,0,0
B,99,7,0,0,0
B,98,0,0,0,0
B,98,0,0,0,0
B,97,0,0,0,0
B,97,0,0,0,0
B,96,0,0,0,0
B,96,0,0,0,0
B,96,0,0,0,0
B,96,0,0,0,0
B,97,0,0,0,0
B,97,0,0,0,0
B,98,3,0,0,0
B,98,15,0,0,0
B,99,35,0,0,0
B,99,29,0,0,0
B,100,29,0,0,0
B,100,29,0,0,0
B,100,26,0,0,0
B,100,15,0,0,0
B,99,1,0,0,0
B,99,0,0,0,0
B,98,0,0,0,0
B,97,0,0,0,0
B,97,0,0,0,0
B,97,0,0,0,0
B,96,0,0,0,0
B,96,0,0,0,0
B,96,0,0,0,0
B,96,0,0,0,0
B,97,0,0,0,0
B,97,5,0,0,0
B,98,12,0,0,0
B,98,21,0,0,0
B,99,35,0,0,0
B,99,36,0,0,0
B,100,38,0,0,0
B,100,38,0,0,0
B,100,38,0,0,0
B,100,28,0,0,0
B,99,14,0,0,0
B,99,5,0,0,0
B,98,0,0,0,0
B,98,0,0,0,0
B,97,0,0,0,0
B,97,0,0,0,0
B,97,0,0,0,0
B,97,0,0,0,0
B,97,0,0,0,0
B,97,0,0,0,0
B,97,0,0,0,0
B,97,0,0,0,0
B,98,5,0,0,0
B,98,15,0,0,0
B,99,24,0,0,0
B,99,28,0,0,0
B,100,29,0,0,0
B,100,36,0,0,0
B,100,26,0,0,0
B,100,22,0,0,0
B,99,5,0,0,0
B,99,0,0,0,0
B,98,0,0,0,0
B,97,0,0,0,0
B,97,0,0,0,0
B,96,0,0,0,0
B,96,0,0,0,0
B,96,0,0,0,0
B,96,0,0,0,0
B,96,0,0,0,0
B,96,0,0,0,0
B,97,0,0,0,0
B,98,0,0,0,0
B,98,7,0,0,0
B,99,19,0,0,0
B,99,29,0,0,0
B,100,33,0,0,0
B,100,38,0,0,0
B,100,36,0,0,0
B,100,26,0,0,0
B,99,24,0,0,0
B,99,12,0,0,0
B,98,0,0,0,0
B,98,0,0,0,0
B,97,0,0,0,0
B,97,0,0,0,0
B,96,0,0,0,0
B,96,0,0,0,0
B,96,0,0,0,0
B,96,0,0,0,0
B,96,0,0,0,0
B,97,7,0,0,0
B,98,17,0,0,0
B,98,36,0,0,0
B,99,49,0,0,0
B,99,50,0,0,0
B,99,47,0,0,0
B,100,38,0,0,0
B,100,33,0,0,0
B,100,19,0,0,0
B,99,14,0,0,0
B,99,8,0,0,0
B,98,5,0,0,0
B,98,0,0,0,0
B,97,0,0,0,0
B,97,0,0,0,0
B,96,0,0,0,0
B,96,0,0,0,0
B,96,0,0,0,0
B,96,0,0,0,0
B,97,1,0,0,0
B,97,10,0,0,0
B,98,15,0,0,0
B,98,22,0,0,0
B,99,35,0,0,0
B,99,33,0,0,0
B,99,43,0,0,0
B,100,36,0,0,0
B,100,31,0,0,0
B,99,22,0,0,0
B,99,10,0,0,0
B,99,0,0,0,0
B,98,0,0,0,0
B,98,0,0,0,0
B,97,0,0,0,0
B,96,0,0,0,0
B,96,0,0,0,0
B,96,0,0,0,0
B,96,0,0,0,0
B,96,0,0,0,0
B,97,1,0,0,0
B,97,19,0,0,0
B,97,29,0,0,0
B,98,35,0,0,0
B,99,43,0,0,0
B,99,40,0,0,0
B,99,42,0,0,0
B,100,36,0,0,0
B,100,33,0,0,0
B,100,22,0,0,0
B,99,7,0,0,0
B,99,0,0,0,0
B,98,0,0,0,0
B,98,0,0,0,0
B,97,0,0,0,0
B,97,0,0,0,0
B,96,0,0,0,0
B,96,0,0,0,0
B,96,0,0,0,0
B,96,0,0,0,0
B,96,0,0,0,0
B,97,1,0,0,0
B,98,12,0,0,0
B,98,21,0,0,0
B,99,33,0,0,0
B,99,38,0,0,0
B,99,36,0,0,0
B,100,33,0,0,0
B,100,29,0,0,0
B,99,24,0,0,0
B,99,7,0,0,0
B,99,3,0,0,0
B,98,0,0,0,0
B,98,0,0,0,0
B,97,0,0,0,0
B,97,0,0,0,0
B,97,0,0,0,0
B,97,0,0,0,0
B,97,0,0,0,0
B,97,0,0,0,0
B,97,0,0,0,0
B,97,0,0,0,0
B,98,5,0,0,0
B,98,19,0,0,0
B,99,26,0,0,0
B,99,33,0,0,0
B,99,38,0,0,0
B,100,36,0,0,0
B,100,42,0,0,0
B,100,31,0,0,0
B,99,26,0,0,0
B,99,14,0,0,0
B,98,0,0,0,0
B,98,0,0,0,0
B,97,0,0,0,0
B,97,0,0,0,0
B,96,0,0,0,0
B,96,0,0,0,0
B,96,0,0,0,0
B,96,0,0,0,0
B,97,0,0,0,0
B,97,8,0,0,0
B,98,26,0,0,0
B,98,36,0,0,0
B,99,40,0,0,0
B,99,45,0,0,0
B,100,47,0,0,0
B,100,52,0,0,0
B,100,42,0,0,0
B,100,33,0,0,0
B,99,17,0,0,0
B,99,8,0,0,0
B,98,0,0,0,0
B,98,0,0,0,0
B,97,0,0,0,0
B,97,0,0,0,0
B,97,0,0,0,0
B,96,0,0,0,0
B,96,0,0,0,0
B,96,0,0,0,0
B,97,0,0,0,0
B,97,0,0,0,0
B,98,3,0,0,0
B,98,15,0,0,0
B,99,28,0,0,0
B,99,35,0,0,0
B,100,35,0,0,0
B,100,31,0,0,0
B,100,26,0,0,0
B,99,21,0,0,0
B,99,8,0,0,0
B,99,3,0,0,0
B,98,0,0,0,0
B,97,0,0,0,0
B,97,0,0,0,0
B,96,0,0,0,0
B,96,0,0,0,0
B,96,0,0,0,0
B,96,0,0,0,0
B,96,0,0,0,0
B,96,3,0,0,0
B,97,10,0,0,0
B,97,17,0,0,0
B,98,28,0,0,0
B,99,36,0,0,0
B,99,43,0,0,0
B,100,47,0,0,0
B,100,49,0,0,0
B,100,43,0,0,0
B,99,26,0,0,0
B,99,10,0,0,0
B,98,0,0,0,0
B,98,0,0,0,0
B,97,0,0,0,0
B,97,0,0,0,0
B,97,0,0,0,0
B,96,0,0,0,0
B,96,0,0,0,0
B,96,0,0,0,0
B,97,0,0,0,0
B,97,0,0,0,0
B,97,7,0,0,0
B,98,17,0,0,0
B,99,31,0,0,0
B,99,38,0,0,0
B,99,35,0,0,0
B,100,38,0,0,0
B,100,43,0,0,0
B,100,36,0,0,0
B,99,31,0,0,0
B,99,22,0,0,0
B,99,8,0,0,0
B,98,0,0,0,0
B,97,0,0,0,0
B,97,0,0,0,0
B,96,0,0,0,0
B,96,0,0,0,0
B,96,0,0,0,0
B,96,0,0,0,0
B,96,0,0,0,0
B,97,0,0,0,0
B,97,15,0,0,0
B,98,28,0,0,0
B,98,29,0,0,0
B,99,42,0,0,0
B,99,42,0,0,0
B,99,49,0,0,0
B,100,38,0,0,0
B,100,29,0,0,0
B,99,14,0,0,0
B,99,5,0,0,0
B,99,0,0,0,0
B,98,0,0,0,0
B,97,0,0,0,0
B,97,0,0,0,0
B,97,0,0,0,0
B,97,0,0,0,0
B,97,0,0,0,0
B,97,0,0,0,0
B,97,0,0,0,0
B,97,0,0,0,0
B,97,1,0,0,0
B,98,12,0,0,0
B,99,29,0,0,0
B,99,29,0,0,0
B,99,36,0,0,0
B,99,45,0,0,0
B,100,42,0,0,0
B,100,35,0,0,0
B,100,17,0,0,0
B,99,5,0,0,0
B,99,0,0,0,0
B,98,0,0,0,0
B,98,0,0,0,0
B,97,0,0,0,0
B,97,0,0,0,0
B,96,0,0,0,0
B,96,0,0,0,0
B,96,0,0,0,0
B,96,0,0,0,0
B,97,1,0,0,0
B,97,10,0,0,0
B,98,22,0,0,0
B,98,36,0,0,0
B,99,50,0,0,0
B,99,54,0,0,0
B,100,52,0,0,0
B,100,49,0,0,0
B,100,38,0,0,0
B,99,26,0,0,0
B,99,7,0,0,0
B,98,0,0,0,0
B,98,0,0,0,0
B,97,0,0,0,0
B,97,0,0,0,0
B,96,0,0,0,0
B,96,0,0,0,0
B,95,0,0,0,0
B,95,0,0,0,0
B,96,0,0,0,0
B,96,1,0,0,0
B,97,15,0,0,0
B,97,31,0,0,0
B,98,42,0,0,0
B,98,47,0,0,0
B,99,52,0,0,0
B,99,49,0,0,0
B,100,49,0,0,0
B,100,42,0,0,0
B,100,31,0,0,0
B,99,19,0,0,0
B,99,5,0,0,0
B,98,0,0,0,0
B,97,0,0,0,0
B,97,0,0,0,0
B,96,0,0,0,0
B,96,0,0,0,0
B,96,0,0,0,0
B,96,0,0,0,0
B,96,0,0,0,0
B,96,0,0,0,0
B,97,0,0,0,0
B,98,8,0,0,0
B,98,22,0,0,0
B,99,38,0,0,0
B,99,35,0,0,0
B,100,36,0,0,0
B,100,40,0,0,0
B,100,26,0,0,0
B,99,17,0,0,0
B,99,3,0,0,0
B,98,0,0,0,0
B,98,0,0,0,0
B,97,0,0,0,0
B,97,0,0,0,0
B,96,0,0,0,0
B,96,0,0,0,0
B,96,0,0,0,0
B,96,0,0,0,0
B,96,0,0,0,0
B,97,0,0,0,0
B,97,1,0,0,0
B,98,24,0,0,0
B,98,31,0,0,0
B,99,36,0,0,0
B,100,40,0,0,0
B,100,43,0,0,0
B,100,45,0,0,0
B,100,43,0,0,0
B,99,31,0,0,0
B,99,17,0,0,0
B,98,0,0,0,0
B,98,0,0,0,0
B,97,0,0,0,0
B,97,0,0,0,0
B,97,0,0,0,0
B,96,0,0,0,0
B,96,0,0,0,0
B,96,0,0,0,0
B,96,0,0,0,0
B,97,0,0,0,0
B,97,3,0,0,0
B,98,19,0,0,0
B,98,31,0,0,0
B,99,38,0,0,0
B,99,40,0,0,0
B,100,43,0,0,0
B,100,40,0,0,0
B,100,31,0,0,0
B,99,33,0,0,0
B,99,17,0,0,0
B,98,12,0,0,0
B,98,0,0,0,0
B,97,0,0,0,0
B,96,0,0,0,0
B,96,0,0,0,0
B,96,0,0,0,0
B,96,0,0,0,0
B,96,0,0,0,0
B,96,0,0,0,0
B,96,0,0,0,0
B,97,1,0,0,0
B,98,15,0,0,0
B,98,28,0,0,0
B,99,40,0,0,0
B,99,49,0,0,0
B,99,54,0,0,0
B,100,50,0,0,0
B,100,47,0,0,0
B,100,29,0,0,0
B,99,14,0,0,0
B,99,1,0,0,0
B,98,0,0,0,0
B,97,0,0,0,0
B,97,0,0,0,0
B,97,0,0,0,0
B,97,0,0,0,0
B,97,0,0,0,0
B,97,0,0,0,0
B,97,0,0,0,0
B,97,0,0,0,0
B,97,0,0,0,0
B,98,7,0,0,0
B,99,21,0,0,0
B,99,26,0,0,0
B,99,36,0,0,0
B,100,33,0,0,0
B,100,40,0,0,0
B,100,29,0,0,0
B,100,15,0,0,0
B,99,5,0,0,0
B,99,0,0,0,0
B,98,0,0,0,0
B,98,0,0,0,0
B,97,0,0,0,0
B,97,0,0,0,0
B,97,0,0,0,0
B,97,0,0,0,0
B,97,0,0,0,0
B,97,0,0,0,0
B,97,0,0,0,0
B,98,0,0,0,0
B,98,12,0,0,0
B,99,22,0,0,0
B,99,38,0,0,0
B,99,36,0,0,0
B,100,45,0,0,0
B,100,45,0,0,0
B,100,45,0,0,0
B,99,33,0,0,0
B,99,24,0,0,0
B,98,10,0,0,0
B,98,0,0,0,0
B,97,0,0,0,0
B,97,0,0,0,0
B,96,0,0,0,0
B,96,0,0,0,0
B,96,0,0,0,0
B,96,0,0,0,0
B,96,0,0,0,0
B,97,3,0,0,0
B,97,15,0,0,0
B,98,26,0,0,0
B,98,38,0,0,0
B,99,42,0,0,0
B,99,42,0,0,0
B,100,49,0,0,0
B,100,47,0,0,0
B,100,36,0,0,0
B,99,28,0,0,0
B,99,10,0,0,0
B,99,0,0,0,0
B,98,0,0,0,0
B,98,0,0,0,0
B,97,0,0,0,0
B,97,0,0,0,0
B,96,0,0,0,0
B,96,0,0,0,0
B,96,0,0,0,0
B,97,0,0,0,0
B,97,3,0,0,0
B,97,15,0,0,0
B,98,26,0,0,0
B,98,31,0,0,0
B,99,43,0,0,0
B,99,49,0,0,0
B,99,42,0,0,0
B,100,38,0,0,0
B,100,33,0,0,0
B,100,17,0,0,0
B,99,3,0,0,0
B,99,0,0,0,0
B,98,0,0,0,0
B,97,0,0,0,0
B,97,0,0,0,0
B,97,0,0,0,0
B,97,0,0,0,0
B,97,0,0,0,0
B,97,0,0,0,0
B,97,0,0,0,0
B,97,0,0,0,0
B,97,3,0,0,0
B,98,12,0,0,0
B,99,14,0,0,0
B,99,14,0,0,0
B,100,17,0,0,0
B,100,17,0,0,0
B,100,21,0,0,0
B,100,14,0,0,0
B,99,7,0,0,0
B,99,0,0,0,0
B,99,0,0,0,0
B,98,0,0,0,0
B,97,0,0,0,0
B,97,0,0,0,0
B,97,0,0,0,0
B,97,0,0,0,0
B,97,0,0,0,0
B,97,0,0,0,0
B,97,0,0,0,0
B,97,0,0,0,0
B,97,1,0,0,0
B,98,8,0,0,0
B,99,14,0,0,0
B,99,15,0,0,0
B,100,15,0,0,0
B,100,15,0,0,0
B,100,17,0,0,0
B,100,15,0,0,0
B,99,15,0,0,0
B,99,12,0,0,0
B,98,7,0,0,0
B,98,0,0,0,0
B,97,0,0,0,0
B,97,0,0,0,0
B,96,0,0,0,0
B,96,0,0,0,0
B,96,0,0,0,0
B,96,0,0,0,0
B,96,0,0,0,0
B,96,7,0,0,0
B,97,8,0,0,0
B,98,24,0,0,0
B,98,43,0,0,0
B,99,52,0,0,0
B,99,57,0,0,0
B,100,54,0,0,0
B,100,42,0,0,0
B,100,33,0,0,0
B,99,26,0,0,0
B,99,12,0,0,0
B,99,7,0,0,0
B,98,0,0,0,0
B,98,0,0,0,0
B,97,0,0,0,0
B,97,0,0,0,0
B,96,0,0,0,0
B,96,0,0,0,0
B,96,0,0,0,0
B,97,0,0,0,0
B,97,0,0,0,0
B,97,0,0,0,0
B,98,12,0,0,0
B,98,26,0,0,0
B,99,31,0,0,0
B,99,35,0,0,0
B,100,42,0,0,0
B,100,40,0,0,0
B,100,38,0,0,0
B,99,29,0,0,0
B,99,19,0,0,0
B,98,5,0,0,0
B,98,0,0,0,0
B,97,0,0,0,0
B,97,0,0,0,0
B,96,0,0,0,0
B,96,0,0,0,0
B,96,0,0,0,0
B,96,0,0,0,0
B,96,0,0,0,0
B,97,0,0,0,0
B,97,0,0,0,0
B,98,0,0,0,0
B,98,14,0,0,0
B,99,28,0,0,0
B,99,28,0,0,0
B,100,26,0,0,0
B,100,22,0,0,0
B,100,26,0,0,0
B,99,17,0,0,0
B,99,12,0,0,0
B,98,0,0,0,0
B,98,0,0,0,0
B,97,0,0,0,0
B,97,0,0,0,0
B,96,0,0,0,0
B,96,0,0,0,0
B,96,0,0,0,0
B,96,0,0,0,0
B,96,0,0,0,0
B,97,0,0,0,0
B,97,5,0,0,0
B,98,14,0,0,0
B,98,31,0,0,0
B,99,38,0,0,0
B,99,47,0,0,0
B,100,52,0,0,0
B,100,50,0,0,0
B,100,42,0,0,0
B,99,26,0,0,0
B,99,15,0,0,0
B,98,0,0,0,0
B,98,0,0,0,0
B,97,0,0,0,0
B,97,0,0,0,0
B,96,0,0,0,0
B,96,0,0,0,0
B,96,0,0,0,0
B,96,0,0,0,0
B,96,0,0,0,0
B,97,0,0,0,0
B,97,7,0,0,0
B,98,14,0,0,0
B,98,26,0,0,0
B,99,35,0,0,0
B,99,42,0,0,0
B,100,42,0,0,0
B,100,33,0,0,0
B,100,31,0,0,0
B,99,28,0,0,0
B,99,10,0,0,0
B,99,7,0,0,0
B,98,0,0,0,0
B,97,0,0,0,0
B,97,0,0,0,0
B,96,0,0,0,0
B,96,0,0,0,0
B,96,0,0,0,0
B,96,0,0,0,0
B,96,0,0,0,0
B,96,0,0,0,0
B,97,7,0,0,0
B,97,17,0,0,0
B,98,26,0,0,0
B,99,38,0,0,0
B,99,47,0,0,0
B,100,54,0,0,0
B,100,50,0,0,0
B,100,47,0,0,0
B,100,36,0,0,0
B,99,24,0,0,0
B,98,14,0,0,0
B,98,3,0,0,0
B,97,0,0,0,0
B,97,0,0,0,0
B,96,0,0,0,0
B,96,0,0,0,0
B,96,0,0,0,0
B,96,0,0,0,0
B,96,0,0,0,0
B,96,0,0,0,0
B,97,0,0,0,0
B,98,5,0,0,0
B,98,14,0,0,0
B,99,22,0,0,0
B,99,28,0,0,0
B,100,38,0,0,0
B,100,38,0,0,0
B,100,31,0,0,0
B,100,28,0,0,0
B,99,15,0,0,0
B,99,3,0,0,0
B,98,0,0,0,0
B,98,0,0,0,0
B,97,0,0,0,0
B,97,0,0,0,0
B,97,0,0,0,0
B,97,0,0,0,0
B,97,0,0,0,0
B,97,0,0,0,0
B,97,1,0,0,0
B,97,10,0,0,0
B,98,14,0,0,0
B,98,24,0,0,0
B,99,28,0,0,0
B,99,38,0,0,0
B,100,45,0,0,0
B,100,45,0,0,0
B,100,31,0,0,0
B,99,28,0,0,0
B,99,14,0,0,0
B,99,7,0,0,0
B,98,5,0,0,0
B,98,0,0,0,0
B,97,0,0,0,0
B,97,0,0,0,0
B,97,0,0,0,0
B,97,0,0,0,0
B,97,0,0,0,0
B,97,0,0,0,0
B,97,0,0,0,0
B,97,0,0,0,0
B,98,0,0,0,0
B,98,15,0,0,0
B,99,22,0,0,0
B,99,24,0,0,0
B,100,24,0,0,0
B,100,28,0,0,0
B,100,29,0,0,0
B,99,12,0,0,0
B,99,0,0,0,0
B,98,0,0,0,0
B,98,0,0,0,0
B,97,0,0,0,0
B,97,0,0,0,0
B,96,0,0,0,0
B,96,0,0,0,0
B,96,0,0,0,0
B,96,0,0,0,0
B,97,0,0,0,0
B,97,0,0,0,0
B,97,7,0,0,0
C,97,56,0,0,0
C,97,63,0,0,0
C,97,70,0,0,0
C,98,85,0,0,0
C,98,94,0,0,0
C,98,100,0,0,0
C,99,100,0,0,0
C,99,100,0,0,0
C,99,100,0,0,0
C,100,100,0,0,0
C,100,100,0,0,0
C,100,100,0,0,0
C,100,100,0,0,0
C,99,100,0,0,0
C,99,100,0,0,0
C,98,82,0,0,0
C,98,66,0,0,0
C,98,59,0,0,0
C,97,54,0,0,0
C,97,50,0,0,0
C,97,56,0,0,0
C,97,57,0,0,0
C,97,61,0,0,0
C,97,70,0,0,0
C,98,84,0,0,0
C,98,100,0,0,0
C,99,100,0,0,0
C,99,100,0,0,0
C,99,100,0,0,0
C,100,100,0,0,0
C,100,100,0,0,0
C,100,100,0,0,0
C,99,100,0,0,0
C,99,100,0,0,0
C,99,98,0,0,0
C,99,89,0,0,0
C,98,78,0,0,0
C,98,63,0,0,0
C,98,56,0,0,0
C,97,57,0,0,0
C,97,59,0,0,0
C,97,59,0,0,0
C,98,66,0,0,0
C,98,73,0,0,0
C,98,84,0,0,0
C,98,92,0,0,0
C,99,100,0,0,0
C,99,100,0,0,0
C,99,100,0,0,0
C,100,100,0,0,0
C,100,100,0,0,0
C,100,100,0,0,0
C,100,100,0,0,0
C,99,100,0,0,0
C,99,94,0,0,0
C,99,85,0,0,0
C,98,73,0,0,0
C,98,52,0,0,0
C,98,45,0,0,0
C,98,45,0,0,0
C,98,47,0,0,0
C,98,45,0,0,0
C,98,57,0,0,0
C,98,71,0,0,0
C,98,87,0,0,0
C,98,94,0,0,0
C,99,100,0,0,0
C,99,100,0,0,0
C,99,100,0,0,0
C,100,100,0,0,0
C,100,100,0,0,0
C,100,100,0,0,0
C,100,100,0,0,0
C,99,100,0,0,0
C,99,92,0,0,0
C,98,85,0,0,0
C,98,75,0,0,0
C,98,64,0,0,0
C,97,56,0,0,0
C,97,57,0,0,0
C,97,56,0,0,0
C,97,59,0,0,0
C,97,63,0,0,0
C,97,78,0,0,0
C,98,87,0,0,0
C,98,100,0,0,0
C,99,100,0,0,0
C,99,100,0,0,0
C,99,100,0,0,0
C,100,100,0,0,0
C,100,100,0,0,0
C,100,100,0,0,0
C,100,100,0,0,0
C,99,100,0,0,0
C,99,100,0,0,0
C,99,89,0,0,0
C,98,75,0,0,0
C,98,61,0,0,0
C,97,56,0,0,0
C,97,49,0,0,0
C,97,43,0,0,0
C,97,38,0,0,0
C,97,43,0,0,0
C,97,49,0,0,0
C,98,68,0,0,0
C,98,82,0,0,0
C,99,92,0,0,0
C,99,100,0,0,0
C,99,100,0,0,0
C,99,100,0,0,0
C,100,100,0,0,0
C,100,100,0,0,0
C,100,100,0,0,0
C,100,100,0,0,0
C,99,92,0,0,0
C,99,75,0,0,0
C,98,68,0,0,0
C,98,54,0,0,0
C,97,42,0,0,0
C,97,36,0,0,0
C,97,43,0,0,0
C,97,42,0,0,0
C,97,43,0,0,0
C,97,61,0,0,0
C,97,70,0,0,0
C,98,92,0,0,0
C,98,100,0,0,0
C,99,100,0,0,0
C,99,100,0,0,0
C,100,100,0,0,0
C,100,100,0,0,0
C,100,100,0,0,0
C,100,98,0,0,0
C,99,78,0,0,0
C,99,63,0,0,0
C,99,49,0,0,0
C,99,42,0,0,0
C,98,29,0,0,0
C,98,31,0,0,0
C,98,40,0,0,0
C,98,50,0,0,0
C,98,54,0,0,0
C,98,71,0,0,0
C,98,84,0,0,0
C,98,96,0,0,0
C,99,100,0,0,0
C,99,100,0,0,0
C,99,100,0,0,0
C,100,100,0,0,0
C,100,100,0,0,0
C,100,100,0,0,0
C,100,100,0,0,0
C,100,100,0,0,0
C,99,100,0,0,0
C,99,94,0,0,0
C,98,77,0,0,0
C,98,71,0,0,0
C,97,61,0,0,0
C,97,43,0,0,0
C,97,43,0,0,0
C,97,49,0,0,0
C,97,59,0,0,0
C,97,57,0,0,0
C,97,80,0,0,0
C,98,94,0,0,0
C,98,100,0,0,0
C,99,100,0,0,0
C,99,100,0,0,0
C,100,100,0,0,0
C,100,100,0,0,0
C,100,100,0,0,0
C,100,100,0,0,0
C,100,100,0,0,0
C,99,96,0,0,0
C,99,85,0,0,0
C,99,71,0,0,0
C,98,47,0,0,0
C,98,33,0,0,0
C,98,21,0,0,0
C,98,19,0,0,0
C,98,28,0,0,0
C,98,31,0,0,0
C,98,36,0,0,0
C,98,61,0,0,0
C,98,73,0,0,0
C,98,89,0,0,0
C,99,100,0,0,0
C,99,100,0,0,0
C,99,100,0,0,0
C,100,100,0,0,0
C,100,100,0,0,0
C,100,100,0,0,0
C,100,100,0,0,0
C,99,84,0,0,0
C,99,63,0,0,0
C,98,56,0,0,0
C,98,54,0,0,0
C,98,54,0,0,0
C,97,42,0,0,0
C,97,33,0,0,0
C,97,40,0,0,0
C,97,43,0,0,0
C,97,52,0,0,0
C,97,63,0,0,0
C,98,84,0,0,0
C,98,96,0,0,0
C,98,100,0,0,0
C,99,100,0,0,0
C,99,100,0,0,0
C,99,100,0,0,0
C,100,100,0,0,0
C,100,100,0,0,0
C,100,100,0,0,0
C,99,100,0,0,0
C,99,92,0,0,0
C,99,78,0,0,0
C,98,59,0,0,0
C,98,52,0,0,0
C,98,54,0,0,0
C,98,56,0,0,0
C,98,64,0,0,0
C,98,63,0,0,0
C,98,73,0,0,0
C,98,84,0,0,0
C,98,98,0,0,0
C,98,100,0,0,0
C,99,100,0,0,0
C,99,100,0,0,0
C,99,100,0,0,0
C,100,100,0,0,0
C,100,100,0,0,0
C,100,100,0,0,0
C,100,100,0,0,0
C,99,92,0,0,0
C,99,75,0,0,0
C,98,73,0,0,0
C,98,61,0,0,0
C,98,43,0,0,0
C,97,36,0,0,0
C,97,24,0,0,0
C,97,26,0,0,0
C,97,26,0,0,0
C,97,36,0,0,0
C,97,59,0,0,0
C,97,64,0,0,0
C,98,71,0,0,0
C,98,82,0,0,0
C,99,100,0,0,0
C,99,100,0,0,0
C,99,100,0,0,0
C,100,100,0,0,0
C,100,100,0,0,0
C,100,98,0,0,0
C,99,80,0,0,0
C,99,70,0,0,0
C,99,61,0,0,0
C,98,40,0,0,0
C,98,35,0,0,0
C,98,29,0,0,0
C,97,28,0,0,0
C,97,29,0,0,0
C,97,40,0,0,0
C,97,63,0,0,0
C,97,82,0,0,0
C,98,100,0,0,0
C,98,100,0,0,0
C,98,100,0,0,0
C,99,100,0,0,0
C,99,100,0,0,0
C,99,100,0,0,0
C,100,100,0,0,0
C,100,100,0,0,0
C,100,100,0,0,0
C,99,100,0,0,0
C,99,89,0,0,0
C,98,77,0,0,0
C,98,59,0,0,0
C,98,49,0,0,0
C,97,50,0,0,0
C,97,42,0,0,0
C,97,50,0,0,0
C,97,47,0,0,0
C,97,56,0,0,0
C,97,68,0,0,0
C,98,80,0,0,0
C,98,92,0,0,0
C,99,100,0,0,0
C,99,100,0,0,0
C,99,100,0,0,0
C,99,100,0,0,0
C,100,100,0,0,0
C,100,100,0,0,0
C,99,100,0,0,0
C,99,100,0,0,0
C,99,84,0,0,0
C,99,59,0,0,0
C,98,59,0,0,0
C,98,59,0,0,0
C,97,52,0,0,0
C,97,45,0,0,0
C,97,49,0,0,0
C,97,43,0,0,0
C,97,43,0,0,0
C,97,61,0,0,0
C,97,78,0,0,0
C,98,96,0,0,0
C,98,94,0,0,0
C,99,100,0,0,0
C,99,100,0,0,0
C,100,100,0,0,0
C,100,100,0,0,0
C,100,100,0,0,0
C,99,100,0,0,0
C,99,100,0,0,0
C,99,82,0,0,0
C,99,61,0,0,0
C,98,63,0,0,0
C,98,49,0,0,0
C,98,52,0,0,0
C,98,61,0,0,0
C,98,56,0,0,0
C,98,61,0,0,0
C,98,71,0,0,0
C,98,84,0,0,0
C,98,100,0,0,0
C,99,100,0,0,0
C,99,100,0,0,0
C,99,100,0,0,0
C,100,100,0,0,0
C,100,100,0,0,0
C,100,100,0,0,0
C,100,100,0,0,0
C,99,100,0,0,0
C,99,92,0,0,0
C,99,78,0,0,0
C,98,63,0,0,0
C,98,43,0,0,0
C,97,29,0,0,0
C,97,17,0,0,0
C,97,10,0,0,0
C,97,5,0,0,0
C,97,21,0,0,0
C,97,28,0,0,0
C,97,35,0,0,0
C,98,45,0,0,0
C,98,56,0,0,0
C,99,64,0,0,0
C,99,77,0,0,0
C,99,87,0,0,0
C,100,92,0,0,0
C,100,94,0,0,0
C,100,91,0,0,0
C,100,80,0,0,0
C,99,75,0,0,0
C,99,70,0,0,0
C,98,64,0,0,0
C,98,52,0,0,0
C,97,38,0,0,0
C,97,31,0,0,0
C,96,36,0,0,0
C,96,36,0,0,0
C,96,38,0,0,0
C,96,49,0,0,0
C,97,64,0,0,0
C,97,73,0,0,0
C,98,89,0,0,0
C,98,100,0,0,0
C,99,100,0,0,0
C,99,100,0,0,0
C,100,100,0,0,0
C,100,100,0,0,0
C,100,100,0,0,0
C,100,100,0,0,0
C,99,89,0,0,0
C,99,75,0,0,0
C,99,52,0,0,0
C,98,36,0,0,0
C,97,33,0,0,0
C,97,33,0,0,0
C,97,31,0,0,0
C,97,35,0,0,0
C,97,33,0,0,0
C,97,50,0,0,0
C,97,66,0,0,0
C,97,84,0,0,0
C,98,100,0,0,0
C,99,100,0,0,0
C,99,100,0,0,0
C,99,100,0,0,0
C,100,100,0,0,0
C,100,100,0,0,0
C,100,100,0,0,0
C,100,100,0,0,0
C,99,100,0,0,0
C,99,91,0,0,0
C,98,70,0,0,0
C,98,54,0,0,0
C,97,42,0,0,0
C,97,36,0,0,0
C,97,36,0,0,0
C,97,38,0,0,0
C,97,38,0,0,0
C,97,54,0,0,0
C,97,75,0,0,0
C,97,87,0,0,0
C,98,100,0,0,0
C,99,100,0,0,0
C,99,100,0,0,0
C,99,100,0,0,0
C,100,100,0,0,0
C,100,100,0,0,0
C,100,100,0,0,0
C,100,100,0,0,0
C,99,92,0,0,0
C,99,78,0,0,0
C,98,61,0,0,0
C,98,54,0,0,0
C,98,43,0,0,0
C,97,29,0,0,0
C,97,22,0,0,0
C,97,21,0,0,0
C,97,33,0,0,0
C,97,45,0,0,0
C,97,59,0,0,0
C,97,75,0,0,0
C,98,87,0,0,0
C,99,94,0,0,0
C,99,100,0,0,0
C,99,100,0,0,0
C,99,100,0,0,0
C,100,100,0,0,0
C,100,100,0,0,0
C,100,94,0,0,0
C,99,82,0,0,0
C,99,73,0,0,0
C,99,52,0,0,0
C,98,40,0,0,0
C,97,24,0,0,0
C,97,14,0,0,0
C,97,17,0,0,0
C,97,24,0,0,0
C,97,24,0,0,0
C,97,28,0,0,0
C,97,40,0,0,0
C,97,49,0,0,0
C,98,70,0,0,0
C,98,85,0,0,0
C,99,98,0,0,0
C,99,100,0,0,0
C,100,100,0,0,0
C,100,100,0,0,0
C,100,100,0,0,0
C,99,100,0,0,0
C,99,96,0,0,0
C,99,78,0,0,0
C,98,68,0,0,0
C,98,57,0,0,0
C,97,45,0,0,0
C,97,29,0,0,0
C,97,28,0,0,0
C,97,33,0,0,0
C,97,38,0,0,0
C,97,50,0,0,0
C,97,59,0,0,0
C,98,80,0,0,0
C,98,94,0,0,0
C,99,100,0,0,0
C,99,100,0,0,0
C,99,100,0,0,0
C,99,100,0,0,0
C,100,100,0,0,0
C,100,100,0,0,0
C,100,100,0,0,0
C,99,96,0,0,0
C,99,80,0,0,0
C,98,57,0,0,0
C,98,42,0,0,0
C,98,26,0,0,0
C,97,21,0,0,0
C,97,15,0,0,0
C,97,21,0,0,0
C,97,19,0,0,0
C,97,31,0,0,0
C,97,45,0,0,0
C,97,64,0,0,0
C,98,89,0,0,0
C,98,100,0,0,0
C,99,100,0,0,0
C,99,100,0,0,0
C,100,100,0,0,0
C,100,100,0,0,0
C,100,100,0,0,0
C,100,100,0,0,0
C,99,100,0,0,0
C,99,89,0,0,0
C,99,66,0,0,0
C,98,54,0,0,0
C,98,40,0,0,0
C,97,36,0,0,0
C,97,28,0,0,0
C,97,24,0,0,0
C,97,31,0,0,0
C,97,33,0,0,0
C,98,49,0,0,0
C,98,70,0,0,0
C,98,85,0,0,0
C,99,100,0,0,0
C,99,100,0,0,0
C,99,100,0,0,0
C,100,100,0,0,0
C,100,100,0,0,0
C,100,100,0,0,0
C,100,100,0,0,0
C,99,85,0,0,0
C,99,71,0,0,0
C,98,54,0,0,0
C,98,33,0,0,0
C,97,26,0,0,0
C,97,17,0,0,0
C,97,19,0,0,0
C,97,28,0,0,0
C,97,38,0,0,0
C,97,47,0,0,0
C,97,64,0,0,0
C,97,78,0,0,0
C,98,100,0,0,0
C,98,100,0,0,0
C,99,100,0,0,0
C,99,100,0,0,0
C,99,100,0,0,0
C,100,100,0,0,0
C,100,100,0,0,0
C,99,100,0,0,0
C,99,100,0,0,0
C,99,92,0,0,0
C,98,80,0,0,0
C,98,61,0,0,0
C,98,45,0,0,0
C,97,38,0,0,0
C,97,33,0,0,0
C,97,29,0,0,0
C,97,35,0,0,0
C,97,45,0,0,0
C,97,59,0,0,0
C,98,71,0,0,0
C,98,78,0,0,0
C,99,100,0,0,0
C,99,100,0,0,0
C,99,100,0,0,0
C,100,100,0,0,0
C,100,100,0,0,0
C,100,100,0,0,0
C,100,100,0,0,0
C,99,85,0,0,0
C,99,75,0,0,0
C,98,63,0,0,0
C,98,45,0,0,0
C,97,40,0,0,0
C,97,38,0,0,0
C,97,33,0,0,0
C,97,24,0,0,0
C,97,33,0,0,0
C,97,45,0,0,0
C,97,56,0,0,0
C,98,64,0,0,0
C,98,77,0,0,0
C,99,91,0,0,0
C,99,100,0,0,0
C,99,100,0,0,0
C,100,100,0,0,0
C,100,100,0,0,0
C,100,100,0,0,0
C,99,100,0,0,0
C,99,87,0,0,0
C,99,80,0,0,0
C,98,66,0,0,0
C,98,56,0,0,0
C,98,49,0,0,0
C,98,42,0,0,0
C,97,49,0,0,0
C,97,52,0,0,0
C,97,56,0,0,0
C,98,68,0,0,0
C,98,85,0,0,0
C,98,94,0,0,0
C,98,100,0,0,0
C,99,100,0,0,0
C,99,100,0,0,0
C,99,100,0,0,0
C,100,100,0,0,0
C,100,100,0,0,0
C,100,100,0,0,0
C,99,100,0,0,0
C,99,98,0,0,0
C,99,80,0,0,0
C,98,52,0,0,0
C,98,42,0,0,0
C,98,36,0,0,0
C,97,35,0,0,0
C,97,28,0,0,0
C,97,35,0,0,0
C,97,31,0,0,0
C,97,49,0,0,0
C,97,56,0,0,0
C,98,80,0,0,0
C,98,100,0,0,0
C,99,100,0,0,0
C,99,100,0,0,0
C,99,100,0,0,0
C,99,100,0,0,0
C,100,100,0,0,0
C,100,100,0,0,0
C,99,100,0,0,0
C,99,94,0,0,0
C,99,68,0,0,0
C,98,50,0,0,0
C,98,33,0,0,0
C,98,26,0,0,0
C,97,31,0,0,0
C,97,22,0,0,0
C,97,26,0,0,0
C,97,28,0,0,0
C,97,40,0,0,0
C,98,50,0,0,0
C,98,66,0,0,0
C,98,82,0,0,0
C,99,100,0,0,0
C,99,100,0,0,0
C,99,100,0,0,0
C,100,100,0,0,0
C,100,100,0,0,0
C,100,100,0,0,0
C,99,100,0,0,0
C,99,94,0,0,0
C,99,80,0,0,0
C,98,68,0,0,0
C,98,56,0,0,0
C,98,56,0,0,0
C,97,36,0,0,0
C,97,29,0,0,0
C,97,33,0,0,0
C,97,38,0,0,0
C,97,49,0,0,0
C,97,64,0,0,0
C,98,91,0,0,0
C,98,96,0,0,0
C,99,100,0,0,0
C,99,100,0,0,0
C,99,100,0,0,0
C,99,100,0,0,0
C,100,100,0,0,0
C,100,100,0,0,0
C,100,92,0,0,0
C,99,87,0,0,0
C,99,61,0,0,0
C,99,52,0,0,0
C,98,47,0,0,0
C,98,31,0,0,0
C,98,28,0,0,0
C,98,19,0,0,0
C,98,28,0,0,0
C,98,38,0,0,0
C,98,42,0,0,0
C,98,50,0,0,0
C,98,75,0,0,0
C,98,84,0,0,0
C,99,91,0,0,0
C,99,100,0,0,0
C,99,100,0,0,0
C,100,100,0,0,0
C,100,100,0,0,0
C,100,100,0,0,0
C,99,98,0,0,0
C,99,89,0,0,0
C,99,66,0,0,0
C,98,49,0,0,0
C,98,40,0,0,0
C,98,24,0,0,0
C,97,15,0,0,0
C,97,10,0,0,0
C,97,14,0,0,0
C,97,24,0,0,0
C,97,47,0,0,0
C,98,61,0,0,0
C,98,82,0,0,0
C,98,100,0,0,0
C,99,100,0,0,0
C,99,100,0,0,0
C,99,100,0,0,0
C,100,100,0,0,0
C,100,100,0,0,0
C,100,100,0,0,0
C,100,100,0,0,0
C,99,91,0,0,0
C,99,75,0,0,0
C,98,57,0,0,0
C,98,47,0,0,0
C,97,43,0,0,0
C,97,40,0,0,0
C,97,36,0,0,0
C,97,35,0,0,0
C,97,42,0,0,0
C,97,47,0,0,0
C,97,59,0,0,0
C,97,68,0,0,0
C,98,85,0,0,0
C,99,96,0,0,0
C,99,100,0,0,0
C,99,100,0,0,0
C,99,100,0,0,0
C,100,100,0,0,0
C,100,100,0,0,0
C,100,100,0,0,0
C,99,94,0,0,0
C,99,80,0,0,0
C,99,63,0,0,0
C,98,47,0,0,0
C,98,33,0,0,0
C,98,17,0,0,0
C,97,15,0,0,0
C,97,24,0,0,0
C,97,24,0,0,0
C,97,45,0,0,0
C,98,50,0,0,0
C,98,71,0,0,0
C,98,94,0,0,0
C,99,100,0,0,0
C,99,100,0,0,0
C,99,100,0,0,0
C,100,100,0,0,0
C,100,100,0,0,0
C,100,100,0,0,0
C,99,100,0,0,0
C,99,91,0,0,0
C,99,68,0,0,0
C,99,52,0,0,0
C,98,40,0,0,0
C,98,31,0,0,0
C,97,31,0,0,0
C,97,29,0,0,0
C,97,40,0,0,0
C,97,47,0,0,0
C,97,54,0,0,0
C,97,70,0,0,0
C,98,87,0,0,0
C,98,100,0,0,0
C,99,100,0,0,0
C,99,100,0,0,0
C,100,100,0,0,0
C,100,100,0,0,0
C,100,100,0,0,0
C,100,100,0,0,0
C,100,100,0,0,0
C,99,77,0,0,0
C,99,57,0,0,0
C,99,36,0,0,0
C,98,19,0,0,0
C,98,10,0,0,0
C,97,0,0,0,0
C,97,0,0,0,0
C,97,8,0,0,0
C,97,17,0,0,0
C,97,29,0,0,0
C,97,47,0,0,0
C,98,68,0,0,0
C,98,80,0,0,0
C,99,100,0,0,0
C,99,100,0,0,0
C,99,100,0,0,0
C,100,100,0,0,0
C,100,100,0,0,0
C,100,100,0,0,0
C,99,100,0,0,0
C,99,85,0,0,0
C,99,71,0,0,0
C,98,64,0,0,0
C,98,56,0,0,0
C,97,40,0,0,0
C,97,38,0,0,0
C,97,31,0,0,0
C,97,22,0,0,0
C,97,29,0,0,0
C,97,38,0,0,0
C,98,57,0,0,0
C,98,78,0,0,0
C,99,84,0,0,0
C,99,94,0,0,0
C,99,100,0,0,0
C,99,100,0,0,0
C,100,100,0,0,0
C,100,100,0,0,0
C,100,100,0,0,0
C,100,100,0,0,0
C,99,80,0,0,0
C,99,59,0,0,0
C,99,50,0,0,0
C,98,33,0,0,0
C,98,19,0,0,0
C,98,12,0,0,0
C,98,8,0,0,0
C,98,21,0,0,0
C,98,26,0,0,0
C,98,38,0,0,0
C,98,61,0,0,0
C,98,73,0,0,0
C,98,82,0,0,0
C,99,94,0,0,0
C,99,100,0,0,0
C,99,100,0,0,0
C,100,100,0,0,0
C,100,100,0,0,0
C,100,100,0,0,0
C,100,94,0,0,0
C,99,71,0,0,0
C,99,56,0,0,0
C,98,49,0,0,0
C,98,35,0,0,0
C,98,21,0,0,0
C,97,5,0,0,0
C,97,12,0,0,0
C,97,10,0,0,0
C,97,22,0,0,0
C,97,43,0,0,0
C,97,66,0,0,0
C,98,85,0,0,0
C,98,100,0,0,0
C,99,100,0,0,0
C,99,100,0,0,0
C,100,100,0,0,0
C,100,100,0,0,0
C,100,100,0,0,0
C,100,100,0,0,0
C,100,100,0,0,0
C,99,92,0,0,0
C,99,73,0,0,0
C,98,56,0,0,0
C,98,52,0,0,0
C,98,33,0,0,0
C,97,14,0,0,0
C,97,3,0,0,0
C,97,7,0,0,0
C,97,10,0,0,0
C,97,31,0,0,0
C,97,47,0,0,0
C,98,73,0,0,0
C,98,80,0,0,0
C,99,91,0,0,0
C,99,100,0,0,0
C,99,100,0,0,0
C,100,100,0,0,0
C,100,100,0,0,0
C,100,100,0,0,0
C,99,98,0,0,0
C,99,89,0,0,0
C,99,73,0,0,0
C,98,63,0,0,0
C,98,49,0,0,0
C,97,43,0,0,0
C,97,31,0,0,0
C,97,24,0,0,0
C,97,22,0,0,0
C,97,35,0,0,0
C,97,49,0,0,0
C,97,66,0,0,0
C,98,77,0,0,0
C,98,89,0,0,0
C,99,100,0,0,0
C,99,100,0,0,0
C,99,100,0,0,0
C,99,100,0,0,0
C,100,100,0,0,0
C,100,100,0,0,0
C,100,100,0,0,0
C,99,82,0,0,0
C,99,64,0,0,0
C,99,56,0,0,0
C,98,43,0,0,0
C,98,28,0,0,0
C,97,31,0,0,0
C,97,29,0,0,0
C,97,36,0,0,0
C,97,47,0,0,0
C,97,54,0,0,0
C,98,68,0,0,0
C,98,89,0,0,0
C,98,100,0,0,0
C,99,100,0,0,0
C,99,100,0,0,0
C,99,100,0,0,0
C,100,100,0,0,0
C,100,100,0,0,0
C,100,100,0,0,0
C,100,100,0,0,0
C,99,84,0,0,0
C,99,63,0,0,0
C,99,45,0,0,0
C,98,36,0,0,0
C,98,33,0,0,0
C,98,22,0,0,0
C,98,31,0,0,0
C,98,35,0,0,0
C,98,47,0,0,0
C,98,63,0,0,0
C,98,82,0,0,0
C,98,100,0,0,0
C,98,100,0,0,0
C,99,100,0,0,0
C,99,100,0,0,0
C,99,100,0,0,0
C,100,100,0,0,0
C,100,100,0,0,0
C,100,100,0,0,0
C,99,100,0,0,0
C,99,98,0,0,0
C,99,73,0,0,0
C,98,64,0,0,0
C,98,50,0,0,0
C,97,50,0,0,0
C,97,42,0,0,0
C,97,28,0,0,0
C,97,29,0,0,0
C,97,35,0,0,0
C,97,52,0,0,0
C,97,61,0,0,0
C,98,75,0,0,0
C,98,87,0,0,0
C,99,100,0,0,0
C,99,100,0,0,0
C,99,100,0,0,0
C,99,100,0,0,0
C,100,100,0,0,0
C,100,98,0,0,0
C,99,82,0,0,0
C,99,77,0,0,0
C,99,63,0,0,0
C,98,54,0,0,0
C,98,42,0,0,0
C,97,42,0,0,0
C,97,35,0,0,0
C,97,33,0,0,0
C,97,43,0,0,0
C,97,50,0,0,0
C,97,57,0,0,0
C,97,68,0,0,0
C,97,82,0,0,0
C,98,91,0,0,0
C,98,100,0,0,0
C,99,100,0,0,0
C,99,100,0,0,0
C,99,100,0,0,0
C,100,100,0,0,0
C,100,100,0,0,0
C,99,100,0,0,0
C,99,91,0,0,0
C,99,75,0,0,0
C,98,64,0,0,0
C,98,47,0,0,0
C,97,28,0,0,0
C,97,21,0,0,0
C,97,28,0,0,0
C,97,22,0,0,0
C,97,28,0,0,0
C,97,50,0,0,0
C,97,66,0,0,0
C,98,91,0,0,0
C,98,100,0,0,0
C,99,100,0,0,0
C,99,100,0,0,0
C,99,100,0,0,0
C,99,100,0,0,0
C,100,100,0,0,0
C,100,100,0,0,0
C,99,100,0,0,0
C,99,77,0,0,0
C,98,54,0,0,0
C,98,31,0,0,0
C,97,17,0,0,0
C,97,0,0,0,0
C,97,0,0,0,0
C,96,0,0,0,0
C,96,0,0,0,0
C,96,14,0,0,0
C,97,26,0,0,0
C,97,47,0,0,0
C,97,73,0,0,0
C,98,94,0,0,0
C,99,100,0,0,0
C,99,100,0,0,0
C,99,100,0,0,0
C,100,100,0,0,0
C,100,100,0,0,0
C,100,100,0,0,0
C,100,100,0,0,0
C,99,84,0,0,0
C,99,57,0,0,0
C,98,35,0,0,0
C,98,12,0,0,0
C,98,7,0,0,0
C,98,0,0,0,0
C,97,1,0,0,0
