timestamp,label,index,middle,ring,pinky,thumb
1781102230.093654,YES,100,100,100,100,100
1781102230.093654,YES,100,100,100,100,100
1781102230.0946467,YES,100,100,100,100,100
1781102230.0946467,YES,100,100,100,100,100
1781102230.0946467,YES,100,100,100,100,100
1781102230.0956469,YES,100,100,100,100,100
1781102230.0956469,YES,100,100,100,100,100
1781102230.0956469,YES,100,100,100,100,100
1781102230.0956469,YES,100,100,100,100,100
1781102230.0966463,YES,100,100,100,100,100
1781102230.0966463,YES,100,100,100,100,100
1781102230.0966463,YES,100,95,100,100,100
1781102230.097651,YES,95,89,100,100,100
1781102230.0986626,YES,95,88,100,100,100
1781102230.0986626,YES,100,89,100,100,100
1781102230.0996518,YES,100,91,100,100,100
1781102230.0996518,YES,100,92,100,100,100
1781102230.100665,YES,100,91,100,100,100
1781102230.100665,YES,100,91,100,100,100
1781102230.101668,YES,100,91,100,100,100
1781102230.101668,YES,97,91,100,100,100
1781102230.101668,YES,100,93,100,100,100
1781102230.1026793,YES,100,93,100,100,100
1781102230.1026793,YES,97,92,100,100,100
1781102230.1026793,YES,92,92,100,100,100
1781102253.723776,YES,100,100,100,100,100
1781102253.7247858,YES,100,98,100,100,100
1781102253.7247858,YES,100,89,100,100,100
1781102253.7247858,YES,100,82,100,100,100
1781102253.7247858,YES,100,74,100,100,100
1781102254.5327098,YES,85,71,100,100,100
1781102254.6136827,YES,95,75,100,100,100
1781102254.6959465,YES,100,81,100,100,100
1781102254.7755754,YES,100,86,100,100,100
1781102254.857026,YES,100,90,100,100,100
1781102254.9376128,YES,100,92,100,100,100
1781102255.0193083,YES,100,90,100,100,100
1781102255.0998585,YES,100,85,100,100,100
1781102255.1817532,YES,95,75,100,100,100
1781102256.233724,YES,85,74,100,100,100
1781102256.3150303,YES,90,80,100,100,100
1781102256.3961701,YES,95,86,100,100,100
1781102256.4769552,YES,97,90,100,100,100
1781102256.5582395,YES,100,92,100,100,100
1781102256.639665,YES,97,90,100,100,100
1781102256.7206945,YES,85,85,100,100,100
1781102256.802111,YES,70,75,100,100,100
1781102257.7734482,YES,92,73,100,100,100
1781102257.855554,YES,100,80,100,100,100
1781102257.9358163,YES,100,83,100,100,100
1781102258.0165632,YES,100,86,100,100,100
1781102258.09784,YES,100,89,100,100,100
1781102258.1793163,YES,100,88,100,100,100
1781102258.2601073,YES,100,84,100,100,100
1781102258.3416705,YES,100,75,100,100,100
1781102259.3939672,YES,95,72,100,100,100
1781102259.475393,YES,97,79,100,100,100
1781102259.556898,YES,100,84,100,100,100
1781102259.637058,YES,97,89,100,100,100
1781102259.7180238,YES,100,92,100,100,100
1781102259.7983296,YES,100,91,100,100,100
1781102259.880283,YES,97,86,100,100,100
1781102259.9608543,YES,87,77,100,100,100
1781102260.9328618,YES,85,70,100,100,100
1781102261.0145566,YES,92,76,100,100,100
1781102261.0955613,YES,100,83,100,100,100
1781102261.176366,YES,100,86,100,100,100
1781102261.257303,YES,100,89,100,100,100
1781102261.33817,YES,100,89,100,100,100
1781102261.4191282,YES,100,89,100,100,100
1781102261.5001528,YES,97,83,100,100,100
1781102261.5815468,YES,82,74,100,100,100
1781102262.5550606,YES,100,74,100,100,100
1781102262.6359284,YES,100,79,100,100,100
1781102262.7168097,YES,100,84,100,100,100
1781102262.7988963,YES,100,86,100,100,100
1781102262.8795106,YES,100,87,100,100,100
1781102262.9600465,YES,100,83,100,100,100
1781102263.0410712,YES,92,75,100,100,100
1781102264.0126886,YES,95,70,100,100,100
1781102264.0944464,YES,100,77,100,100,100
1781102264.1754155,YES,100,83,100,100,100
1781102264.255289,YES,100,87,100,100,100
1781102264.3363688,YES,100,90,100,100,100
1781102264.418398,YES,100,91,100,100,100
1781102264.4991832,YES,100,91,100,100,100
1781102264.580315,YES,100,86,100,100,100
1781102264.6623862,YES,92,74,100,100,100
1781102265.6334696,YES,100,72,100,100,100
1781102265.71525,YES,100,79,100,100,100
1781102265.796589,YES,100,84,100,100,100
1781102265.8766317,YES,100,87,100,100,100
1781102265.957918,YES,100,88,100,100,100
1781102266.0384927,YES,100,86,100,100,100
1781102266.119994,YES,100,79,100,100,100
1781102266.200989,YES,92,70,100,100,100
1781102267.3359642,YES,97,75,100,100,100
1781102267.4170437,YES,100,79,100,100,100
1781102267.4983513,YES,100,82,100,100,100
1781102267.5792968,YES,100,83,100,100,100
1781102267.6599877,YES,100,80,100,100,100
1781102267.7408907,YES,92,73,100,100,100
1781102268.7134645,YES,92,72,100,100,100
1781102268.7930815,YES,100,81,100,100,100
1781102268.8748581,YES,100,89,100,100,100
1781102268.9558578,YES,100,93,100,100,100
1781102269.0371547,YES,100,96,100,100,100
1781102269.1174824,YES,100,96,100,100,100
1781102269.1991446,YES,100,96,100,100,100
1781102269.2797155,YES,100,89,100,100,100
1781102269.3610132,YES,95,80,100,100,100
1781102270.414119,YES,82,72,100,100,100
1781102270.4949944,YES,87,78,100,100,100
1781102270.575875,YES,95,83,100,100,100
1781102270.6569898,YES,97,86,100,100,100
1781102270.7378716,YES,97,88,100,100,100
1781102270.818627,YES,100,86,100,100,100
1781102270.8994815,YES,95,82,100,100,100
1781102270.9808662,YES,90,72,100,100,100
1781102272.0333285,YES,90,73,100,100,100
1781102272.1154654,YES,97,80,100,100,100
1781102272.1950128,YES,97,83,100,100,100
1781102272.276105,YES,100,87,100,100,100
1781102272.3579853,YES,100,88,100,100,100
1781102272.4394515,YES,100,86,100,100,100
1781102272.5194852,YES,97,79,100,100,100
1781102272.600332,YES,90,70,100,100,100
1781102273.573649,YES,97,75,100,100,100
1781102273.6552389,YES,100,82,100,100,100
1781102273.7361968,YES,100,87,100,100,100
1781102273.8167543,YES,100,89,100,100,100
1781102273.8978112,YES,100,90,100,100,100
1781102273.9782758,YES,100,89,100,100,100
1781102274.0600653,YES,100,83,100,100,100
1781102274.14104,YES,92,74,100,100,100
1781102275.194194,YES,97,75,100,100,100
1781102275.275085,YES,100,80,100,100,100
1781102275.3553932,YES,100,84,100,100,100
1781102275.436344,YES,100,87,100,100,100
1781102275.5179281,YES,100,89,100,100,100
1781102275.598863,YES,100,88,100,100,100
1781102275.678765,YES,97,82,100,100,100
1781102275.76146,YES,90,72,100,100,100
1781102276.8950934,YES,100,75,100,100,100
1781102276.9758193,YES,100,79,100,100,100
1781102277.0566185,YES,100,83,100,100,100
1781102277.1381664,YES,100,84,100,100,100
1781102277.218352,YES,100,83,100,100,100
1781102277.2995143,YES,95,79,100,100,100
1781102277.3805084,YES,85,71,100,100,100
1781102278.433791,YES,80,72,100,100,100
1781102278.5152707,YES,90,78,100,100,100
1781102278.5969725,YES,97,83,100,100,100
1781102278.6780643,YES,97,87,100,100,100
1781102278.7591767,YES,100,89,100,100,100
1781102278.8398361,YES,100,86,100,100,100
1781102278.9206662,YES,90,77,100,100,100
1781102279.9742162,YES,82,70,100,100,100
1781102280.0536742,YES,90,79,100,100,100
1781102280.1357982,YES,95,82,100,100,100
1781102280.2164009,YES,100,85,100,100,100
1781102280.2978063,YES,100,83,100,100,100
1781102280.3790119,YES,100,82,100,100,100
1781102280.459002,YES,97,78,100,100,100
1781102281.6745288,YES,100,71,100,100,100
1781102281.755741,YES,100,76,100,100,100
1781102281.8360581,YES,100,81,100,100,100
1781102281.9174414,YES,100,84,100,100,100
1781102281.9984925,YES,100,84,100,100,100
1781102282.0791705,YES,100,79,100,100,100
1781102283.295022,YES,90,72,100,100,100
1781102283.3759272,YES,90,75,100,100,100
1781102283.4559488,YES,92,78,100,100,100
1781102283.537729,YES,95,80,100,100,100
1781102283.6182148,YES,92,80,100,100,100
1781102283.6992588,YES,82,79,100,100,100
1781102284.8331728,YES,80,77,100,100,100
1781102284.914308,YES,80,83,100,100,100
1781102284.9951875,YES,85,89,100,100,100
1781102285.0761964,YES,90,91,100,100,100
1781102285.1571329,YES,87,91,100,100,100
1781102285.238931,YES,82,90,100,100,100
1781102285.3195062,YES,75,86,100,100,100
1781102285.39987,YES,67,79,100,100,100
1781102286.45472,YES,77,72,100,100,100
1781102286.5357423,YES,87,79,100,100,100
1781102286.6158056,YES,92,84,100,100,100
1781102286.69732,YES,92,88,100,100,100
1781102286.7787523,YES,90,89,100,100,100
1781102286.8589811,YES,87,82,100,100,100
1781102286.9404793,YES,77,71,100,100,100
1781102288.0747533,YES,92,78,100,100,100
1781102288.15578,YES,100,82,100,100,100
1781102288.236295,YES,100,85,100,100,100
1781102288.317589,YES,100,87,100,100,100
1781102288.3987706,YES,100,86,100,100,100
1781102288.4800065,YES,100,81,100,100,100
1781102288.561457,YES,90,71,100,100,100
1781102289.5342617,YES,90,70,100,100,100
1781102289.6148922,YES,97,77,100,100,100
1781102356.1763036,WHERE,90,0,64,100,100
1781102356.1773005,WHERE,90,0,67,100,100
1781102356.1773005,WHERE,90,0,64,100,100
1781102356.1783137,WHERE,87,0,64,100,100
1781102356.1793017,WHERE,77,0,67,100,100
1781102356.1793017,WHERE,72,0,71,66,100
1781102356.1803024,WHERE,67,0,71,0,100
1781102356.1803024,WHERE,67,0,71,0,100
1781102356.1813114,WHERE,65,0,71,0,100
1781102356.1813114,WHERE,70,0,67,0,100
1781102356.1813114,WHERE,72,0,71,0,100
1781102356.1813114,WHERE,70,0,67,0,100
1781102356.1813114,WHERE,72,0,71,0,100
1781102356.1823094,WHERE,72,0,67,0,100
1781102356.1823094,WHERE,75,0,71,59,100
1781102356.1823094,WHERE,80,0,71,92,100
1781102356.1833029,WHERE,85,0,71,100,100
1781102356.1843104,WHERE,87,0,67,100,100
1781102356.1843104,WHERE,87,0,64,100,100
1781102356.1853044,WHERE,82,0,64,100,100
1781102356.1863012,WHERE,80,0,60,100,100
1781102356.1863012,WHERE,72,0,60,100,100
1781102356.1872997,WHERE,72,0,60,92,100
1781102356.1872997,WHERE,75,0,60,70,100
1781102356.1872997,WHERE,75,0,60,66,100
1781102379.8039498,WHERE,100,100,100,100,100
1781102379.8039498,WHERE,92,100,100,100,100
1781102379.8049586,WHERE,82,100,100,100,100
1781102379.8049586,WHERE,77,100,100,100,100
1781102379.8049586,WHERE,72,100,100,100,100
1781102379.8832994,WHERE,70,97,100,100,100
1781102379.9636798,WHERE,70,93,100,100,100
1781102380.0453358,WHERE,67,91,100,100,100
1781102380.1263204,WHERE,67,91,100,100,100
1781102380.207122,WHERE,67,91,100,100,100
1781102380.2878778,WHERE,62,89,100,100,100
1781102380.3684404,WHERE,60,86,100,100,100
1781102380.450411,WHERE,57,89,100,100,100
1781102380.5312872,WHERE,62,96,100,100,100
1781102380.6125846,WHERE,70,100,100,100,100
1781102380.6932707,WHERE,72,100,100,100,100
1781102380.7736187,WHERE,72,100,100,100,100
1781102380.8543499,WHERE,72,100,100,100,100
1781102380.9356477,WHERE,67,100,100,100,100
1781102381.0173202,WHERE,65,100,100,100,100
1781102381.0980625,WHERE,57,100,100,100,100
1781102381.178765,WHERE,50,87,100,100,100
1781102381.2600174,WHERE,50,77,100,100,100
1781102381.3404367,WHERE,47,71,100,100,100
1781102381.4214694,WHERE,47,66,100,81,100
1781102381.5024614,WHERE,47,63,100,62,100
1781102381.5844848,WHERE,47,62,100,55,100
1781102381.6647801,WHERE,50,64,100,62,100
1781102381.7461784,WHERE,50,67,100,81,100
1781102381.8267083,WHERE,55,72,100,100,100
1781102381.9072685,WHERE,57,76,100,100,100
1781102381.9888,WHERE,57,82,100,100,100
1781102382.0692272,WHERE,60,89,100,100,100
1781102382.1512527,WHERE,62,96,100,100,100
1781102382.231587,WHERE,67,100,100,100,100
1781102382.3127737,WHERE,67,100,100,100,100
1781102382.3937805,WHERE,67,100,100,100,100
1781102382.47495,WHERE,65,100,100,100,100
1781102382.5559535,WHERE,65,100,100,100,100
1781102382.636626,WHERE,60,100,100,100,100
1781102382.7174094,WHERE,55,94,100,100,100
1781102382.7992675,WHERE,47,82,100,100,100
1781102382.8801057,WHERE,42,72,100,100,100
1781102382.960788,WHERE,40,65,100,100,100
1781102383.0425,WHERE,40,60,100,92,100
1781102383.12292,WHERE,40,58,100,81,100
1781102383.203397,WHERE,37,58,100,70,100
1781102383.2852318,WHERE,37,60,100,77,100
1781102383.3663168,WHERE,42,66,100,96,100
1781102383.4468374,WHERE,45,70,100,100,100
1781102383.5277436,WHERE,45,74,100,100,100
1781102383.6088371,WHERE,45,79,100,100,100
1781102383.6899562,WHERE,50,86,100,100,100
1781102383.7716756,WHERE,57,95,100,100,100
1781102383.8523893,WHERE,60,100,100,100,100
1781102383.9333801,WHERE,60,100,100,100,100
1781102384.0144181,WHERE,62,100,100,100,100
1781102384.0962584,WHERE,62,100,100,100,100
1781102384.176535,WHERE,57,100,100,100,100
1781102384.2575588,WHERE,55,96,100,100,100
1781102384.337976,WHERE,45,84,100,100,100
1781102384.419578,WHERE,40,72,100,100,100
1781102384.5012178,WHERE,42,65,100,100,100
1781102384.5821965,WHERE,42,61,100,77,100
1781102384.6624131,WHERE,37,58,100,62,100
1781102384.7435758,WHERE,35,58,100,59,100
1781102384.824973,WHERE,37,61,100,66,100
1781102384.905819,WHERE,42,65,100,85,100
1781102384.9866076,WHERE,42,71,100,100,100
1781102385.068244,WHERE,45,75,100,100,100
1781102385.1493018,WHERE,47,79,100,100,100
1781102385.2298877,WHERE,52,87,100,100,100
1781102385.3102524,WHERE,57,95,100,100,100
1781102385.3921444,WHERE,60,100,100,100,100
1781102385.4725084,WHERE,60,100,100,100,100
1781102385.5531893,WHERE,60,100,100,100,100
1781102385.6346426,WHERE,62,100,100,100,100
1781102385.7161684,WHERE,62,100,100,100,100
1781102385.7967315,WHERE,57,100,100,100,100
1781102385.8775988,WHERE,52,94,100,100,100
1781102385.959149,WHERE,50,82,100,100,100
1781102386.0404105,WHERE,45,74,100,100,100
1781102386.1204474,WHERE,40,68,100,100,100
1781102386.2018862,WHERE,37,63,100,77,100
1781102386.2831464,WHERE,37,62,100,59,100
1781102386.3629422,WHERE,40,62,100,55,100
1781102386.4444618,WHERE,40,63,100,59,100
1781102386.525619,WHERE,42,67,100,77,100
1781102386.60706,WHERE,45,72,100,100,100
1781102386.6876388,WHERE,45,75,100,100,100
1781102386.7687593,WHERE,47,80,100,100,100
1781102386.8493958,WHERE,47,87,100,100,100
1781102386.9304485,WHERE,52,96,100,100,100
1781102387.0117304,WHERE,55,100,100,100,100
1781102387.0931695,WHERE,62,100,100,100,100
1781102387.1751957,WHERE,65,100,100,100,100
1781102387.255099,WHERE,62,100,100,100,100
1781102387.3361843,WHERE,55,100,100,100,100
1781102387.417543,WHERE,50,95,100,100,100
1781102387.4991715,WHERE,45,82,100,100,100
1781102387.5792165,WHERE,42,72,100,100,100
1781102387.6611571,WHERE,40,64,100,100,100
1781102387.7422118,WHERE,42,58,100,81,100
1781102387.8221977,WHERE,40,55,100,74,100
1781102387.9037151,WHERE,40,55,100,59,100
1781102387.9851384,WHERE,40,56,100,66,100
1781102388.065934,WHERE,37,60,100,81,100
1781102388.1474557,WHERE,42,66,100,100,100
1781102388.2277448,WHERE,45,71,100,100,100
1781102388.308386,WHERE,50,79,100,100,100
1781102388.389588,WHERE,52,88,100,100,100
1781102388.4709158,WHERE,57,97,100,100,100
1781102388.5512943,WHERE,60,100,100,100,100
1781102388.6331024,WHERE,62,100,100,100,100
1781102388.7136855,WHERE,62,100,100,100,100
1781102388.794677,WHERE,65,100,100,100,100
1781102388.8748567,WHERE,62,100,100,100,100
1781102388.956403,WHERE,60,100,100,100,100
1781102389.0374005,WHERE,55,96,100,100,100
1781102389.1191633,WHERE,50,82,100,100,100
1781102389.2001834,WHERE,50,75,100,100,100
1781102389.2816107,WHERE,50,68,100,100,100
1781102389.3630428,WHERE,52,65,100,100,100
1781102389.4440134,WHERE,52,63,100,92,100
1781102389.524804,WHERE,50,66,100,96,100
1781102389.6052928,WHERE,52,70,100,100,100
1781102389.686309,WHERE,55,74,100,100,100
1781102389.768227,WHERE,57,77,100,100,100
1781102389.8477905,WHERE,55,79,100,100,100
1781102389.930033,WHERE,57,83,100,100,100
1781102390.0108836,WHERE,62,91,100,100,100
1781102390.0919824,WHERE,67,100,100,100,100
1781102390.1725876,WHERE,65,100,100,100,100
1781102390.2536476,WHERE,65,100,100,100,100
1781102390.3349998,WHERE,67,100,100,100,100
1781102390.4154146,WHERE,67,100,100,100,100
1781102390.4969206,WHERE,62,100,100,100,100
1781102390.5775526,WHERE,52,89,100,100,100
1781102390.6588461,WHERE,47,78,100,100,100
1781102390.7401216,WHERE,40,69,100,100,100
1781102390.8207703,WHERE,40,63,100,100,100
1781102390.9019597,WHERE,37,58,100,70,100
1781102390.9826374,WHERE,32,54,100,51,100
1781102391.0641484,WHERE,32,53,100,48,100
1781102391.1448338,WHERE,35,56,100,59,100
1781102391.2257779,WHERE,37,61,100,77,100
1781102391.307007,WHERE,35,66,100,100,100
1781102391.3877947,WHERE,40,70,100,100,100
1781102391.4678926,WHERE,42,76,100,100,100
1781102391.5489955,WHERE,47,84,100,100,100
1781102391.6309555,WHERE,52,93,100,100,100
1781102391.7119803,WHERE,55,100,100,100,100
1781102391.792786,WHERE,57,100,100,100,100
1781102391.8741078,WHERE,62,100,100,100,100
1781102391.954686,WHERE,65,100,100,100,100
1781102392.0352743,WHERE,62,100,100,100,100
1781102392.1160092,WHERE,55,100,100,100,100
1781102392.197147,WHERE,47,90,100,100,100
1781102392.2785053,WHERE,42,79,100,100,100
1781102392.3599854,WHERE,37,70,100,100,100
1781102392.4402037,WHERE,37,64,100,100,100
1781102392.5214763,WHERE,37,59,100,81,100
1781102392.6035233,WHERE,37,58,100,77,100
1781102392.6846151,WHERE,37,61,100,81,100
1781102392.7655602,WHERE,40,64,100,100,100
1781102392.8467796,WHERE,37,68,100,100,100
1781102392.9269109,WHERE,37,72,100,100,100
1781102393.0084586,WHERE,40,74,100,100,100
1781102393.0894475,WHERE,42,79,100,100,100
1781102393.1704047,WHERE,47,86,100,100,100
1781102393.2518106,WHERE,50,93,100,100,100
1781102393.3329382,WHERE,52,98,100,100,100
1781102393.4128566,WHERE,52,100,100,100,100
1781102393.494126,WHERE,55,100,100,100,100
1781102393.5755231,WHERE,55,100,100,100,100
1781102471.5983477,FEEL,0,36,67,0,100
1781102471.5993674,FEEL,0,32,71,0,100
1781102471.5993674,FEEL,0,31,67,0,100
1781102471.5993674,FEEL,0,30,71,0,100
1781102471.5993674,FEEL,0,0,67,0,100
1781102471.600357,FEEL,0,30,67,0,100
1781102471.600357,FEEL,0,35,67,0,100
1781102471.600357,FEEL,0,43,75,0,100
1781102471.6013684,FEEL,0,51,75,0,100
1781102471.6013684,FEEL,27,60,78,66,100
1781102471.6013684,FEEL,30,65,75,100,100
1781102471.6023579,FEEL,35,72,78,100,100
1781102471.6023579,FEEL,35,79,75,100,100
1781102471.6023579,FEEL,40,88,75,100,100
1781102471.6023579,FEEL,47,93,78,100,100
1781102471.6033595,FEEL,52,97,75,100,100
1781102471.6033595,FEEL,52,100,75,100,100
1781102471.6033595,FEEL,55,100,78,100,100
1781102471.6043618,FEEL,57,100,78,100,100
1781102471.6043618,FEEL,52,93,75,100,100
1781102471.6043618,FEEL,40,83,71,100,100
1781102471.6043618,FEEL,35,71,71,100,100
1781102471.6053581,FEEL,32,62,75,100,100
1781102471.6053581,FEEL,30,57,71,66,100
1781102495.2194078,FEEL,0,37,92,0,100
1781102495.220433,FEEL,0,41,92,0,100
1781102495.2214231,FEEL,25,44,89,51,100
1781102495.2214231,FEEL,0,45,82,66,100
1781102495.2739065,FEEL,0,44,82,59,100
1781102495.3552911,FEEL,0,38,78,0,100
1781102495.4361496,FEEL,0,34,71,0,100
1781102495.5170145,FEEL,0,30,75,0,100
1781102495.5977554,FEEL,0,0,71,0,100
1781102495.6791546,FEEL,0,0,67,0,100
1781102495.7601135,FEEL,0,0,64,0,100
1781102495.8406122,FEEL,0,32,67,0,100
1781102495.9214582,FEEL,0,35,71,0,100
1781102496.0029516,FEEL,0,37,75,0,100
1781102496.084129,FEEL,0,41,78,66,100
1781102496.1649234,FEEL,27,44,82,85,100
1781102496.2454717,FEEL,27,51,82,100,100
1781102496.3271456,FEEL,35,59,82,100,100
1781102496.4088585,FEEL,40,68,85,100,100
1781102496.4898486,FEEL,42,74,78,100,100
1781102496.5711079,FEEL,47,79,85,100,100
1781102496.6515522,FEEL,50,82,85,100,100
1781102496.7322867,FEEL,47,82,85,100,100
1781102496.8141212,FEEL,42,76,78,100,100
1781102496.8953557,FEEL,37,67,75,100,100
1781102496.976035,FEEL,32,56,64,100,100
1781102497.0570128,FEEL,25,46,67,100,100
1781102497.1380935,FEEL,0,39,67,66,100
1781102497.2188208,FEEL,0,34,71,0,100
1781102497.2998302,FEEL,0,32,75,0,100
1781102497.3812962,FEEL,0,32,75,0,100
1781102497.4616334,FEEL,25,38,78,0,100
1781102497.5426402,FEEL,25,41,75,0,100
1781102497.6238477,FEEL,0,46,75,55,100
1781102497.7050679,FEEL,25,50,78,77,100
1781102497.785825,FEEL,30,56,82,100,100
1781102497.8663437,FEEL,35,63,82,100,100
1781102497.9472647,FEEL,35,71,89,100,100
1781102498.0290694,FEEL,42,77,82,100,100
1781102498.109571,FEEL,50,82,78,100,100
1781102498.190565,FEEL,50,84,75,100,100
1781102498.2712212,FEEL,50,86,75,100,100
1781102498.3525717,FEEL,47,83,75,100,100
1781102498.4341178,FEEL,37,73,67,100,100
1781102498.5138712,FEEL,32,62,67,100,100
1781102498.5948815,FEEL,27,51,67,100,100
1781102498.6760612,FEEL,0,42,64,100,100
1781102498.7575514,FEEL,0,37,67,62,100
1781102498.8381126,FEEL,0,32,64,0,100
1781102498.9201365,FEEL,0,30,64,0,100
1781102499.000634,FEEL,0,31,67,0,100
1781102499.0809758,FEEL,0,34,67,0,100
1781102499.1625,FEEL,0,39,67,0,100
1781102499.24352,FEEL,0,44,67,70,100
1781102499.3243113,FEEL,25,47,71,85,100
1781102499.4055722,FEEL,30,54,75,100,100
1781102499.4868,FEEL,35,63,75,100,100
1781102499.5678935,FEEL,40,72,75,100,100
1781102499.648166,FEEL,50,77,78,100,100
1781102499.7303705,FEEL,50,81,75,100,100
1781102499.8103771,FEEL,47,84,78,100,100
1781102499.891376,FEEL,47,86,78,100,100
1781102499.972086,FEEL,45,83,78,100,100
1781102500.053172,FEEL,42,75,82,100,100
1781102500.1349237,FEEL,37,64,82,100,100
1781102500.2147918,FEEL,30,51,85,100,100
1781102500.2962024,FEEL,25,43,78,92,100
1781102500.3767307,FEEL,0,35,78,51,100
1781102500.4582484,FEEL,0,30,78,0,100
1781102500.5388172,FEEL,0,0,78,0,100
1781102500.6204119,FEEL,0,0,78,0,100
1781102500.7011929,FEEL,0,32,82,0,100
1781102500.7820919,FEEL,27,36,78,0,100
1781102500.8636088,FEEL,30,41,75,51,100
1781102500.944268,FEEL,35,44,67,70,100
1781102501.025499,FEEL,32,51,71,100,100
1781102501.1065114,FEEL,37,58,67,100,100
1781102501.1870344,FEEL,42,68,67,100,100
1781102501.268289,FEEL,47,75,67,100,100
1781102501.3499315,FEEL,50,80,64,100,100
1781102501.429892,FEEL,55,83,60,100,100
1781102501.5110497,FEEL,55,83,60,100,100
1781102501.5918155,FEEL,52,81,57,100,100
1781102501.67285,FEEL,45,75,53,100,100
1781102501.7542098,FEEL,40,63,57,100,100
1781102501.835202,FEEL,27,52,57,100,100
1781102501.9170468,FEEL,25,44,60,96,100
1781102501.9972663,FEEL,27,38,57,59,100
1781102502.0788193,FEEL,25,34,60,0,100
1781102502.160021,FEEL,0,31,57,0,100
1781102502.2401793,FEEL,0,33,57,0,100
1781102502.3218613,FEEL,0,35,60,0,100
1781102502.4023225,FEEL,0,39,57,0,100
1781102502.482784,FEEL,0,44,60,62,100
1781102502.5643103,FEEL,25,48,64,77,100
1781102502.6451848,FEEL,30,54,60,100,100
1781102502.7262561,FEEL,35,62,57,100,100
1781102502.807228,FEEL,42,69,60,100,100
1781102502.8888535,FEEL,42,75,60,100,100
1781102502.970039,FEEL,45,80,60,100,100
1781102503.0509012,FEEL,47,84,60,100,100
1781102503.1311858,FEEL,52,85,60,100,100
1781102503.2126312,FEEL,52,82,60,100,100
1781102503.2934473,FEEL,47,75,53,100,100
1781102503.3741622,FEEL,42,64,57,100,100
1781102503.4554126,FEEL,37,52,57,100,100
1781102503.5373642,FEEL,30,44,53,85,100
1781102503.6174269,FEEL,25,38,53,48,100
1781102503.6982365,FEEL,0,34,57,0,100
1781102503.7798545,FEEL,0,32,53,0,100
1781102503.8608418,FEEL,0,33,53,0,100
1781102503.9406788,FEEL,0,37,53,0,100
1781102504.0224292,FEEL,0,41,57,0,100
1781102504.1030855,FEEL,0,44,60,55,100
1781102504.1848145,FEEL,0,48,67,77,100
1781102504.2650087,FEEL,25,54,75,100,100
1781102504.3469098,FEEL,32,63,75,100,100
1781102504.4280057,FEEL,37,71,71,100,100
1781102504.5082302,FEEL,42,76,82,100,100
1781102504.5886054,FEEL,45,82,85,100,100
1781102504.6706984,FEEL,55,84,82,100,100
1781102504.751021,FEEL,55,85,85,100,100
1781102504.8316574,FEEL,52,82,85,100,100
1781102504.9138463,FEEL,50,75,85,100,100
1781102504.9939654,FEEL,37,64,82,100,100
1781102505.0753572,FEEL,27,55,82,100,100
1781102505.1565545,FEEL,0,46,78,77,100
1781102505.2378058,FEEL,0,40,75,0,100
1781102505.3184319,FEEL,0,34,78,0,100
1781102505.3993413,FEEL,0,31,78,0,100
1781102505.4809284,FEEL,0,33,71,0,100
1781102505.5618827,FEEL,0,35,75,0,100
1781102505.6419733,FEEL,0,40,75,0,100
1781102505.7234278,FEEL,0,45,75,55,100
1781102505.8045788,FEEL,0,48,71,74,100
1781102505.8849554,FEEL,27,52,64,100,100
1781102505.9660528,FEEL,37,61,64,100,100
1781102506.0473664,FEEL,42,68,60,100,100
1781102506.1288216,FEEL,52,75,60,100,100
1781102506.2086263,FEEL,55,79,67,100,100
1781102506.2906163,FEEL,60,83,67,100,100
1781102506.3718023,FEEL,60,85,67,100,100
1781102506.4522934,FEEL,62,82,67,100,100
1781102506.5333486,FEEL,57,73,64,100,100
1781102506.6140864,FEEL,50,63,64,100,100
1781102506.6949527,FEEL,42,51,64,100,100
1781102506.776491,FEEL,35,43,64,77,100
1781102506.8577623,FEEL,30,37,75,0,100
1781102506.9382756,FEEL,25,33,78,0,100
1781102507.0198848,FEEL,0,31,75,0,100
1781102507.0998807,FEEL,0,32,75,0,100
1781102507.181579,FEEL,27,35,71,0,100
1781102507.2623012,FEEL,30,40,71,0,100
1781102507.343823,FEEL,32,43,67,48,100
1781102507.4242725,FEEL,30,47,64,66,100
1781102507.5059648,FEEL,32,55,67,92,100
1781102507.587687,FEEL,37,62,64,100,100
1781102507.6683707,FEEL,40,69,67,100,100
1781102507.7499807,FEEL,42,76,67,100,100
1781102507.8308487,FEEL,42,80,67,100,100
1781102507.9116158,FEEL,47,83,71,100,100
1781102507.9927726,FEEL,45,82,71,100,100
1781102508.0730824,FEEL,37,77,64,100,100
1781102508.1542003,FEEL,32,67,64,100,100
1781102508.2354357,FEEL,25,55,57,100,100
1781102508.3167813,FEEL,0,46,57,81,100
1781102508.3970265,FEEL,0,40,57,0,100
1781102508.4781613,FEEL,0,34,57,0,100
1781102508.5590577,FEEL,0,31,57,0,100
1781102508.6403348,FEEL,0,32,53,0,100
1781102508.7212641,FEEL,0,35,53,0,100
1781102508.8020425,FEEL,0,39,57,0,100
1781102508.8837502,FEEL,25,44,57,0,100
1781102508.9639544,FEEL,30,48,57,62,100
1781102509.0457575,FEEL,37,53,60,92,100
1781102509.1262345,FEEL,45,61,64,100,100
1781102625.8876307,NAME,37,0,100,100,100
1781102625.8886487,NAME,37,30,100,100,100
1781102625.8886487,NAME,35,0,100,100,100
1781102625.8886487,NAME,35,0,100,100,100
1781102625.8896658,NAME,35,0,100,100,100
1781102625.8896658,NAME,32,0,100,100,100
1781102625.8906515,NAME,32,0,100,100,100
1781102625.8906515,NAME,30,0,100,100,100
1781102625.8906515,NAME,25,0,100,100,100
1781102625.8906515,NAME,0,0,100,100,100
1781102625.8916407,NAME,0,0,100,100,100
1781102625.8916407,NAME,0,0,100,77,100
1781102625.8916407,NAME,0,0,100,74,100
1781102625.892666,NAME,0,0,100,85,100
1781102625.892666,NAME,0,0,100,100,100
1781102625.8936534,NAME,25,0,100,100,100
1781102625.8936534,NAME,0,0,100,100,100
1781102625.8936534,NAME,25,0,100,100,100
1781102625.8936534,NAME,25,0,100,100,100
1781102625.8946402,NAME,0,0,100,100,100
1781102625.8946402,NAME,27,0,100,100,100
1781102625.8946402,NAME,30,30,100,100,100
1781102625.8956401,NAME,30,32,100,100,100
1781102625.8956401,NAME,32,34,100,100,100
1781102649.503812,NAME,0,0,96,0,100
1781102649.5048316,NAME,0,0,100,0,100
1781102649.5048316,NAME,0,0,100,0,100
1781102649.5048316,NAME,0,0,100,48,100
1781102649.5431223,NAME,0,0,100,81,100
1781102649.6239786,NAME,0,0,100,100,100
1781102649.7057793,NAME,0,0,100,100,100
1781102649.7868283,NAME,0,0,100,100,100
1781102649.8678453,NAME,0,0,100,100,100
1781102649.9478908,NAME,0,0,100,100,100
1781102650.0288093,NAME,0,0,100,100,100
1781102650.1098752,NAME,30,0,100,100,100
1781102650.1911576,NAME,25,0,100,100,100
1781102650.2723217,NAME,25,0,100,100,100
1781102650.3536205,NAME,0,0,100,85,100
1781102650.4341729,NAME,0,0,100,59,100
1781102650.5148077,NAME,25,0,100,0,100
1781102650.595918,NAME,0,0,100,0,100
1781102650.677679,NAME,0,0,100,59,100
1781102650.7588322,NAME,27,0,100,81,100
1781102650.8390315,NAME,30,0,100,100,100
1781102650.9205813,NAME,35,0,100,100,100
1781102651.0006075,NAME,40,0,100,100,100
1781102651.0823748,NAME,40,0,100,100,100
1781102651.1633682,NAME,40,0,100,100,100
1781102651.2446637,NAME,42,0,100,100,100
1781102651.3256087,NAME,45,33,100,100,100
1781102651.4067168,NAME,45,34,100,100,100
1781102651.4868858,NAME,42,34,100,100,100
1781102651.567888,NAME,45,32,100,100,100
1781102651.6494465,NAME,42,0,100,100,100
1781102651.7298784,NAME,32,0,100,100,100
1781102651.8111005,NAME,0,0,100,100,100
1781102651.8924608,NAME,0,0,100,100,100
1781102651.9728107,NAME,0,0,100,85,100
1781102652.0543628,NAME,0,0,100,59,100
1781102652.1350644,NAME,0,0,100,51,100
1781102652.2158034,NAME,0,0,100,51,100
1781102652.2967126,NAME,0,0,100,62,100
1781102652.3778393,NAME,0,0,100,85,100
1781102652.4593992,NAME,27,0,100,100,100
1781102652.5399864,NAME,27,0,100,100,100
1781102652.6215289,NAME,32,0,100,100,100
1781102652.7015004,NAME,40,0,100,100,100
1781102652.7832875,NAME,45,0,100,100,100
1781102652.864355,NAME,47,0,100,100,100
1781102652.9454243,NAME,50,0,100,100,100
1781102653.0257044,NAME,52,31,100,100,100
1781102653.1070626,NAME,52,31,100,100,100
1781102653.1883774,NAME,50,0,100,100,100
1781102653.2693255,NAME,40,0,100,100,100
1781102653.3498833,NAME,35,0,100,100,100
1781102653.431421,NAME,27,0,100,100,100
1781102653.5117466,NAME,25,0,100,92,100
1781102653.593298,NAME,0,0,100,62,100
1781102653.6743188,NAME,0,0,100,0,100
1781102653.7545862,NAME,0,0,100,0,100
1781102653.835794,NAME,0,0,100,0,100
1781102653.9168344,NAME,25,0,100,51,100
1781102653.997823,NAME,27,0,100,74,100
1781102654.0788329,NAME,27,0,100,96,100
1781102654.159691,NAME,30,0,100,100,100
1781102654.240775,NAME,37,0,100,100,100
1781102654.3221312,NAME,42,0,100,100,100
1781102654.403028,NAME,45,0,100,100,100
1781102654.4845464,NAME,42,0,100,100,100
1781102654.5655546,NAME,45,30,100,100,100
1781102654.6463983,NAME,47,30,100,100,100
1781102654.7267456,NAME,47,30,100,100,100
1781102654.8076992,NAME,42,0,100,100,100
1781102654.8892741,NAME,35,0,100,100,100
1781102654.9701042,NAME,27,0,100,100,100
1781102655.0512307,NAME,0,0,100,100,100
1781102655.132419,NAME,0,0,100,100,100
1781102655.213145,NAME,0,0,100,70,100
1781102655.293682,NAME,0,0,100,0,100
1781102655.375342,NAME,0,0,100,0,100
1781102655.4567208,NAME,0,0,100,0,100
1781102655.5373645,NAME,0,0,100,48,100
1781102655.6186333,NAME,0,0,100,74,100
1781102655.6997466,NAME,0,0,100,92,100
1781102655.780734,NAME,27,0,100,100,100
1781102655.861398,NAME,30,0,100,100,100
1781102655.942614,NAME,35,0,100,100,100
1781102656.023221,NAME,40,0,100,100,100
1781102656.1040947,NAME,45,0,100,100,100
1781102656.1844716,NAME,45,0,100,100,100
1781102656.2667754,NAME,45,0,100,100,100
1781102656.3479857,NAME,47,0,100,100,100
1781102656.4279583,NAME,50,0,100,100,100
1781102656.5091681,NAME,45,0,100,100,100
1781102656.5899503,NAME,35,0,100,100,100
1781102656.6708505,NAME,27,0,100,100,100
1781102656.7523358,NAME,0,0,100,100,100
1781102656.8332453,NAME,0,0,100,74,100
1781102656.9144678,NAME,0,0,100,51,100
1781102656.9953022,NAME,0,0,100,0,100
1781102657.0760798,NAME,0,0,100,0,100
1781102657.157639,NAME,0,0,100,55,100
1781102657.238184,NAME,25,0,100,81,100
1781102657.3193166,NAME,0,0,100,96,100
1781102657.4006124,NAME,0,0,100,100,100
1781102657.481655,NAME,30,0,100,100,100
1781102657.562467,NAME,35,0,100,100,100
1781102657.642959,NAME,37,0,100,100,100
1781102657.724915,NAME,40,0,100,100,100
1781102657.8045657,NAME,42,0,100,100,100
1781102657.88696,NAME,42,31,100,100,100
1781102657.968162,NAME,37,30,100,100,100
1781102658.0495825,NAME,32,0,100,100,100
1781102658.1294963,NAME,0,0,100,100,100
1781102658.211,NAME,0,0,100,100,100
1781102658.2916048,NAME,0,0,100,100,100
1781102658.3733203,NAME,0,0,100,85,100
1781102658.4543943,NAME,0,0,100,59,100
1781102658.5356395,NAME,0,0,100,0,100
1781102658.6164439,NAME,0,0,100,48,100
1781102658.6971374,NAME,0,0,100,62,100
1781102658.7774322,NAME,0,0,100,85,100
1781102658.8586242,NAME,0,0,100,100,100
1781102658.9402437,NAME,0,0,100,100,100
1781102659.0216305,NAME,0,0,100,100,100
1781102659.1027038,NAME,35,0,100,100,100
1781102659.182796,NAME,32,0,100,100,100
1781102659.263825,NAME,35,0,100,100,100
1781102659.3453376,NAME,40,0,100,100,100
1781102659.4264266,NAME,40,0,100,100,100
1781102659.5071647,NAME,40,0,100,100,100
1781102659.5888367,NAME,32,0,100,100,100
1781102659.6690595,NAME,25,0,100,100,100
1781102659.7504086,NAME,0,0,100,100,100
1781102659.830564,NAME,0,0,100,100,100
1781102659.9128726,NAME,0,0,100,100,100
1781102659.9919343,NAME,0,0,100,74,100
1781102660.0737226,NAME,0,0,100,51,100
1781102660.1553493,NAME,0,0,100,0,100
1781102660.2357922,NAME,0,0,100,0,100
1781102660.31748,NAME,0,0,100,0,100
1781102660.3976552,NAME,0,0,100,70,100
1781102660.4795284,NAME,27,0,100,88,100
1781102660.5596888,NAME,32,0,100,100,100
1781102660.641383,NAME,37,0,100,100,100
1781102660.7224176,NAME,42,0,100,100,100
1781102660.8035705,NAME,47,0,100,100,100
1781102660.8846505,NAME,50,0,100,100,100
1781102660.9657216,NAME,47,0,100,100,100
1781102661.0456636,NAME,50,0,100,100,100
1781102661.1273472,NAME,50,30,100,100,100
1781102661.2083104,NAME,47,0,100,100,100
1781102661.289615,NAME,37,0,100,100,100
1781102661.3706183,NAME,30,0,100,100,100
1781102661.4510114,NAME,0,0,100,100,100
1781102661.5329623,NAME,0,0,100,100,100
1781102661.6132603,NAME,0,0,100,70,100
1781102661.6937315,NAME,0,0,100,0,100
1781102661.7750924,NAME,0,0,100,0,100
1781102661.8565817,NAME,0,0,100,0,100
1781102661.937567,NAME,0,0,100,48,100
1781102662.0184863,NAME,0,0,100,74,100
1781102662.098729,NAME,0,0,100,100,100
1781102662.180044,NAME,0,0,100,100,100
1781102662.2607257,NAME,32,0,100,100,100
1781102662.342547,NAME,37,0,100,100,100
1781102662.423643,NAME,45,0,100,100,100
1781102662.5040567,NAME,50,0,100,100,100
1781102662.585518,NAME,52,0,100,100,100
1781102662.666551,NAME,55,0,100,100,100
1781102662.7472508,NAME,50,0,100,100,100
1781102662.828717,NAME,47,0,100,100,100
1781102662.9095347,NAME,42,0,100,100,100
1781102662.9905057,NAME,35,0,100,100,100
1781102663.0715282,NAME,25,0,100,100,100
1781102663.1525092,NAME,27,0,100,100,100
1781102663.2334723,NAME,0,0,100,77,100
1781102663.314642,NAME,0,0,100,51,100
1781102663.3955028,NAME,0,0,100,0,100
1781103097.4463577,REST,0,0,0,85,100
1781103097.5279102,REST,0,0,0,85,100
1781103097.6079218,REST,0,0,0,88,100
1781103098.0132537,REST,0,0,0,100,100
1781103098.0936587,REST,0,0,0,100,100
1781103101.334354,REST,0,0,0,85,100
1781103101.4148076,REST,0,0,0,81,100
1781103101.4955807,REST,0,0,0,77,100
1781103101.6577756,REST,0,0,0,77,100
1781103101.739131,REST,0,0,0,77,100
1781103101.8203154,REST,0,0,0,77,100
1781103101.9005468,REST,0,0,0,77,100
1781103101.9822538,REST,0,0,0,77,100
1781103103.9258208,REST,0,0,0,77,100
1781103104.2504103,REST,0,0,0,74,100
1781103104.3308108,REST,0,0,0,70,100
1781103104.4119706,REST,0,0,0,74,100
1781103104.4932659,REST,0,0,0,74,100
1781103104.5737185,REST,0,0,0,70,100
1781103104.6549618,REST,0,0,0,70,100
1781103104.7362547,REST,0,0,0,77,100
1781103104.8168235,REST,0,0,0,81,100
1781103106.2744968,REST,0,0,0,96,100
1781103109.596235,REST,0,0,0,81,100
1781103109.8385391,REST,0,0,0,85,100
1781103109.9190807,REST,0,0,0,85,100
1781103110.000672,REST,0,0,0,81,100
1781103110.081211,REST,0,0,0,85,100
1781103110.1624393,REST,0,0,0,81,100
1781103110.2433023,REST,0,0,0,77,100
1781103111.296814,REST,0,0,0,81,100
1781103111.459334,REST,0,0,0,74,100
1781103111.5390646,REST,0,0,0,74,100
1781103111.6206574,REST,0,0,0,74,100
1781103111.70118,REST,0,0,0,77,100
1781103111.7824967,REST,0,0,0,77,100
1781103111.8635154,REST,0,0,0,81,100
1781103111.9445581,REST,0,0,0,81,100
1781103113.8888626,REST,0,0,0,70,100
1781103114.213232,REST,0,0,0,74,100
1781103114.2938194,REST,0,0,0,66,100
1781103114.3748505,REST,0,0,0,66,100
1781103114.4553764,REST,0,0,0,74,100
1781103114.5369656,REST,0,0,0,66,100
1781103114.6175034,REST,0,0,0,74,100
1781103114.6980648,REST,0,0,0,81,100
1781103114.7790477,REST,0,0,0,81,100
1781103114.8613434,REST,0,0,0,85,100
1781103114.9404378,REST,0,0,0,85,100
1781103115.0221183,REST,0,0,0,92,100
1781103115.1037247,REST,0,0,0,92,100
1781103115.184271,REST,0,0,0,88,100
1781103115.2653391,REST,0,0,0,92,100
1781103115.3472183,REST,0,0,0,85,100
1781103115.4273858,REST,0,0,0,77,100
1781103115.5079687,REST,0,0,0,81,100
1781103115.589574,REST,0,0,0,85,100
1781103115.670598,REST,0,0,0,74,100
1781103117.128585,REST,0,0,0,66,100
1781103117.7764928,REST,0,0,0,96,100
1781103117.8567965,REST,0,0,0,92,100
1781103117.938379,REST,0,0,0,88,100
1781103118.0201135,REST,0,0,0,85,100
1781103118.1006544,REST,0,0,0,81,100
1781103118.1816666,REST,0,0,0,74,100
1781103118.2618628,REST,0,0,0,70,100
1781103118.3436067,REST,0,0,0,62,100
1781103118.4241798,REST,0,0,0,62,100
1781103118.5057094,REST,0,0,0,62,100
1781103118.586749,REST,0,0,0,62,100
1781103118.667287,REST,0,0,0,66,100
1781103118.7488704,REST,0,0,0,62,100
1781103119.88256,REST,0,0,0,66,100
1781103119.9632936,REST,0,0,0,62,100
1781103120.044814,REST,0,0,0,59,100
1781103120.1254103,REST,0,0,0,51,100
1781103120.2066293,REST,0,0,0,51,100
1781103120.2870529,REST,0,0,0,51,100
1781103120.3687327,REST,0,0,0,51,100
1781103120.4499264,REST,0,0,0,55,100
1781103121.5018473,REST,0,0,0,81,100
1781103121.5838814,REST,0,0,0,77,100
1781103121.6643188,REST,0,0,0,77,100
1781103121.744922,REST,0,0,0,77,100
1781103121.8264701,REST,0,0,0,77,100
1781103123.1225061,REST,0,0,0,66,100
1781103123.2036462,REST,0,0,0,70,100
1781103123.2843049,REST,0,0,0,70,100
1781103123.7700183,REST,0,0,0,88,100
1781103123.8515093,REST,0,0,0,88,100
1781103123.9323382,REST,0,0,0,88,100
1781103124.014015,REST,0,0,0,85,100
1781103124.0940144,REST,0,0,0,88,100
1781103124.1755512,REST,0,0,0,88,100
1781103124.2569149,REST,0,0,0,88,100
1781103124.3372812,REST,0,0,0,81,100
1781103124.4180567,REST,0,0,0,77,100
1781103124.4993732,REST,0,0,0,74,100
1781103124.5803766,REST,0,0,0,70,100
1781103124.6609535,REST,0,0,0,66,100
1781103124.7420056,REST,0,0,0,62,100
1781103124.8231483,REST,0,0,0,62,100
1781103124.9041355,REST,0,0,0,66,100
1781103124.9853644,REST,0,0,0,70,100
1781103125.0659387,REST,0,0,0,70,100
1781103125.14749,REST,0,0,0,70,100
1781103125.2278697,REST,0,0,0,70,100
1781103125.30959,REST,0,0,0,74,100
1781103125.3905554,REST,0,0,0,77,100
1781103125.4719908,REST,0,0,0,81,100
1781103125.5520265,REST,0,0,0,85,100
1781103125.6328301,REST,0,0,0,85,100
1781103125.714721,REST,0,0,0,88,100
1781103125.7954402,REST,0,0,0,88,100
1781103125.8767242,REST,0,0,0,85,100
1781103125.9579172,REST,0,0,0,77,100
1781103126.0382469,REST,0,0,0,74,100
1781103126.1196394,REST,0,0,0,70,100
1781103126.2007108,REST,0,0,0,70,100
1781103126.2811382,REST,0,0,0,66,100
1781103126.3630893,REST,0,0,0,62,100
1781103126.4433823,REST,0,0,0,62,100
1781103126.5241978,REST,0,0,0,62,100
1781103126.6057408,REST,0,0,0,59,100
1781103126.6860511,REST,0,0,0,62,100
1781103126.7669685,REST,0,0,0,62,100
1781103126.848646,REST,0,0,0,66,100
1781103126.929823,REST,0,0,0,70,100
1781103127.091434,REST,0,0,0,74,100
1781103127.1719909,REST,0,0,0,70,100
1781103127.253977,REST,0,0,0,77,100
1781103127.3346398,REST,0,0,0,77,100
1781103127.4151692,REST,0,0,0,81,100
1781103127.4967282,REST,0,0,0,74,100
1781103127.5773268,REST,0,0,0,74,100
1781103127.6591,REST,0,0,0,66,100
1781103127.7387257,REST,0,0,0,59,100
1781103127.8195717,REST,0,0,0,55,100
1781103127.9017785,REST,0,0,0,59,100
1781103127.9824855,REST,0,0,0,59,100
1781103128.1441774,REST,0,0,0,66,100
1781103128.225759,REST,0,0,0,62,100
1781103128.3056438,REST,0,0,0,59,100
1781103128.386968,REST,0,0,0,59,100
1781103128.4687817,REST,0,0,0,66,100
1781103128.5498226,REST,0,0,0,70,100
1781103128.6306412,REST,0,0,0,77,100
1781103128.711768,REST,0,0,0,85,100
1781103128.7925174,REST,0,0,0,88,100
1781103128.8733702,REST,0,0,0,88,100
1781103128.954212,REST,0,0,0,81,100
1781103129.035318,REST,0,0,0,74,100
1781103129.1167598,REST,0,0,0,74,100
1781103129.1984596,REST,0,0,0,70,100
1781103129.2791882,REST,0,0,0,66,100
1781103129.359967,REST,0,0,0,62,100
1781103129.4409547,REST,0,0,0,59,100
1781103129.5223715,REST,0,0,0,55,100
1781103129.6025271,REST,0,0,0,48,100
1781103129.6847432,REST,0,0,0,48,100
1781103129.7657814,REST,0,0,0,48,100
1781103129.8460464,REST,0,0,0,0,100
1781103129.927729,REST,0,0,0,51,100
1781103130.0089643,REST,0,0,0,59,100
1781103130.089481,REST,0,0,0,59,100
1781103130.2516854,REST,0,0,0,70,100
1781103130.3327167,REST,0,0,0,70,100
1781103130.413505,REST,0,0,0,74,100
1781103130.4941242,REST,0,0,0,74,100
1781103130.5753741,REST,0,0,0,77,100
1781103130.6557207,REST,0,0,0,77,100
1781103130.7377217,REST,0,0,0,77,100
1781103130.818263,REST,0,0,0,77,100
1781103130.8995316,REST,0,0,0,74,100
1781103130.9796846,REST,0,0,0,70,100
1781103131.06152,REST,0,0,0,66,100
1781103131.1424963,REST,0,0,0,59,100
1781103131.2225206,REST,0,0,0,59,100
1781103131.3034759,REST,0,0,0,59,100
1781103131.3855238,REST,0,0,0,59,100
1781103132.114702,REST,0,0,0,81,100
1781103132.194683,REST,0,0,0,85,100
1781103132.2764192,REST,0,0,0,81,100
1781103132.3572586,REST,0,0,0,77,100
1781103132.4385107,REST,0,0,0,77,100
1781103132.5194988,REST,0,0,0,77,100
1781103132.600665,REST,0,0,0,74,100
1781103132.6814594,REST,0,0,0,77,100
1781103132.7623634,REST,0,0,0,74,100
1781103132.843602,REST,0,0,0,77,100
1781103132.9235737,REST,0,0,0,74,100
1781103133.0050237,REST,0,0,0,81,100
1781103133.0869014,REST,0,0,0,85,100
1781103133.1671894,REST,0,0,0,81,100
1781103133.2482517,REST,0,0,0,88,100
1781103133.3290474,REST,0,0,0,92,100
1781103133.4098334,REST,0,0,0,88,100
1781103133.4911342,REST,0,0,0,88,100
1781103133.5721972,REST,0,0,0,96,100
1781103793.662716,REST,0,0,0,0,100
1781103793.7434924,REST,0,0,0,0,100
1781103793.8248086,REST,0,0,0,0,100
1781103803.0599291,REST,0,0,0,62,100
1781103803.1398172,REST,0,0,0,0,100
1781103803.2212977,REST,0,0,0,0,100
1781103803.30276,REST,0,0,0,0,100
1781103803.3839548,REST,0,0,0,0,100
1781103813.1048162,REST,0,0,0,0,100
1781103818.9369786,REST,0,0,0,100,100
1781103819.0192127,REST,0,0,0,62,100
1781103819.1003215,REST,0,0,0,0,100
1781103820.6393392,REST,0,0,0,0,100
1781103822.179977,REST,0,0,0,0,100
1781103822.2611032,REST,0,0,0,0,100
1781103953.0152802,REST,0,0,0,81,100
1781103953.0964153,REST,0,0,0,0,100
1781106876.8507037,REST,0,0,0,0,66
1781106876.8518105,REST,0,0,0,0,66
1781106876.8518105,REST,0,0,0,0,64
1781106876.8518105,REST,0,0,0,0,60
1781106876.8518105,REST,0,0,0,0,60
1781106876.8518105,REST,0,0,0,0,58
1781106876.852715,REST,0,0,0,0,54
1781106876.852715,REST,0,0,0,0,54
1781106876.852715,REST,0,0,0,0,52
1781106876.852715,REST,0,0,0,0,47
1781106876.852715,REST,0,0,0,0,45
1781106876.853722,REST,0,0,0,0,39
1781106876.853722,REST,0,0,0,0,37
1781106876.853722,REST,0,0,0,0,35
1781106876.853722,REST,0,0,0,0,37
1781106876.8547125,REST,0,0,0,0,45
1781106876.8547125,REST,0,0,0,0,50
1781106876.8547125,REST,0,0,0,0,52
1781106876.8547125,REST,0,0,0,0,58
1781106876.8547125,REST,0,0,0,0,58
1781106876.8547125,REST,0,0,0,0,62
1781106876.8557167,REST,0,0,0,0,68
1781106876.8557167,REST,0,0,0,0,70
1781106876.8557167,REST,0,0,0,0,72
1781106900.4746706,REST,0,0,0,0,0
1781106900.4746706,REST,0,0,0,0,0
1781106900.4746706,REST,0,0,0,0,0
1781106900.4756787,REST,0,0,0,0,0
1781106900.5083153,REST,0,0,0,0,0
1781106900.589707,REST,0,0,0,0,0
1781106900.6708531,REST,0,0,0,0,0
1781106900.7517092,REST,0,0,0,0,0
1781106900.8327053,REST,0,0,0,0,0
1781106900.9141076,REST,0,0,0,0,25
1781106900.994287,REST,0,0,0,0,0
1781106901.0758567,REST,0,0,0,0,0
1781106901.1567557,REST,0,0,0,0,0
1781106901.237277,REST,0,0,0,0,0
1781106901.3186069,REST,0,0,0,0,0
1781106901.3993466,REST,0,0,0,0,0
1781106901.4808729,REST,0,0,0,0,0
1781106901.5616827,REST,0,0,0,0,25
1781106901.6431687,REST,0,0,0,0,31
1781106901.7241068,REST,0,0,0,0,37
1781106901.8044686,REST,0,0,0,0,41
1781106901.885347,REST,0,0,0,0,45
1781106901.9655278,REST,0,0,0,0,50
1781106902.0479155,REST,0,0,0,0,54
1781106902.1291018,REST,0,0,0,0,56
1781106902.2090096,REST,0,0,0,0,56
1781106902.2904606,REST,0,0,0,0,58
1781106902.3719373,REST,0,0,0,0,58
1781106902.4520323,REST,0,0,0,0,56
1781106902.5337796,REST,0,0,0,0,52
1781106902.6151507,REST,0,0,0,0,43
1781106902.6958048,REST,0,0,0,0,33
1781106902.7769225,REST,0,0,0,0,27
1781106902.8574324,REST,0,0,0,0,0
1781106902.938925,REST,0,0,0,0,0
1781106903.0190194,REST,0,0,0,0,0
1781106903.1010582,REST,0,0,0,0,0
1781106903.181851,REST,0,0,0,0,25
1781106903.2631402,REST,0,0,0,0,29
1781106903.3435779,REST,0,0,0,0,33
1781106903.4244833,REST,0,0,0,0,39
1781106903.5053635,REST,0,0,0,0,43
1781106903.5865972,REST,0,0,0,0,49
1781106903.6681142,REST,0,0,0,0,54
1781106903.7485726,REST,0,0,0,0,60
1781106903.830073,REST,0,0,0,0,64
1781106903.910703,REST,0,0,0,0,64
1781106903.9920921,REST,0,0,0,0,64
1781106904.0730226,REST,0,0,0,0,64
1781106904.1532297,REST,0,0,0,0,58
1781106904.234999,REST,0,0,0,0,50
1781106904.3161154,REST,0,0,0,0,41
1781106904.39753,REST,0,0,0,0,31
1781106904.479006,REST,0,0,0,0,25
1781106904.5591605,REST,0,0,0,0,0
1781106904.6410978,REST,0,0,0,0,25
1781106904.7221692,REST,0,0,0,0,33
1781106904.803018,REST,0,0,0,0,35
1781106904.883234,REST,0,0,0,0,39
1781106904.9650486,REST,0,0,0,0,39
1781106905.0458066,REST,0,0,0,0,43
1781106905.1259687,REST,0,0,0,0,45
1781106905.2075744,REST,0,0,0,0,50
1781106905.288672,REST,0,0,0,0,56
1781106905.370003,REST,0,0,0,0,64
1781106905.4506364,REST,0,0,0,0,66
1781106905.531785,REST,0,0,0,0,68
1781106905.6141293,REST,0,0,0,0,64
1781106905.6950443,REST,0,0,0,0,50
1781106905.7758422,REST,0,0,0,0,41
1781106905.8563662,REST,0,0,0,0,33
1781106905.9376893,REST,0,0,0,0,27
1781106906.0184824,REST,0,0,0,0,25
1781106906.100177,REST,0,0,0,0,0
1781106906.1804423,REST,0,0,0,0,25
1781106906.2620094,REST,0,0,0,0,29
1781106906.3423157,REST,0,0,0,0,33
1781106906.4231298,REST,0,0,0,0,37
1781106906.5037699,REST,0,0,0,0,41
1781106906.586002,REST,0,0,0,0,45
1781106906.6667347,REST,0,0,0,0,52
1781106906.7472024,REST,0,0,0,0,56
1781106906.82861,REST,0,0,0,0,62
1781106906.9087982,REST,0,0,0,0,66
1781106906.9901638,REST,0,0,0,0,66
1781106907.07205,REST,0,0,0,0,68
1781106907.152623,REST,0,0,0,0,64
1781106907.2339056,REST,0,0,0,0,58
1781106907.3147652,REST,0,0,0,0,43
1781106907.395816,REST,0,0,0,0,33
1781106907.4767985,REST,0,0,0,0,25
1781106907.5577536,REST,0,0,0,0,0
1781106907.639012,REST,0,0,0,0,0
1781106907.719913,REST,0,0,0,0,0
1781106907.8002954,REST,0,0,0,0,0
1781106907.882069,REST,0,0,0,0,25
1781106907.9629366,REST,0,0,0,0,29
1781106908.0441225,REST,0,0,0,0,33
1781106908.1254394,REST,0,0,0,0,33
1781106908.2059464,REST,0,0,0,0,39
1781106908.2870913,REST,0,0,0,0,50
1781106908.3691797,REST,0,0,0,0,52
1781106908.4493275,REST,0,0,0,0,56
1781106908.530941,REST,0,0,0,0,60
1781106908.6113303,REST,0,0,0,0,62
1781106908.692466,REST,0,0,0,0,56
1781106908.7731876,REST,0,0,0,0,52
1781106908.8539402,REST,0,0,0,0,47
1781106908.9356143,REST,0,0,0,0,39
1781106909.0164404,REST,0,0,0,0,33
1781106909.0977275,REST,0,0,0,0,29
1781106909.1786597,REST,0,0,0,0,27
1781106909.2586727,REST,0,0,0,0,29
1781106909.3408606,REST,0,0,0,0,35
1781106909.4216018,REST,0,0,0,0,37
1781106909.5029163,REST,0,0,0,0,41
1781106909.5831223,REST,0,0,0,0,41
1781106909.6649392,REST,0,0,0,0,49
1781106909.745701,REST,0,0,0,0,50
1781106909.8257499,REST,0,0,0,0,52
1781106909.9074528,REST,0,0,0,0,58
1781106909.9894307,REST,0,0,0,0,60
1781106910.069898,REST,0,0,0,0,64
1781106910.1507213,REST,0,0,0,0,66
1781106910.2310958,REST,0,0,0,0,62
1781106910.3119967,REST,0,0,0,0,62
1781106910.393265,REST,0,0,0,0,54
1781106910.4746926,REST,0,0,0,0,47
1781106910.555866,REST,0,0,0,0,41
1781106910.6366837,REST,0,0,0,0,37
1781106910.7176933,REST,0,0,0,0,29
1781106910.7978928,REST,0,0,0,0,29
1781106910.8794124,REST,0,0,0,0,29
1781106910.9606383,REST,0,0,0,0,31
1781106911.0412645,REST,0,0,0,0,33
1781106911.1222608,REST,0,0,0,0,37
1781106911.2038703,REST,0,0,0,0,39
1781106911.2844272,REST,0,0,0,0,43
1781106911.3658912,REST,0,0,0,0,49
1781106911.4457912,REST,0,0,0,0,52
1781106911.527377,REST,0,0,0,0,56
1781106911.6089394,REST,0,0,0,0,56
1781106911.6898527,REST,0,0,0,0,62
1781106911.7709172,REST,0,0,0,0,64
1781106911.851069,REST,0,0,0,0,66
1781106911.9328005,REST,0,0,0,0,64
1781106912.014259,REST,0,0,0,0,60
1781106912.0945506,REST,0,0,0,0,52
1781106912.1758533,REST,0,0,0,0,45
1781106912.2556467,REST,0,0,0,0,37
1781106912.3378282,REST,0,0,0,0,31
1781106912.4187534,REST,0,0,0,0,31
1781106912.4993544,REST,0,0,0,0,31
1781106912.580251,REST,0,0,0,0,35
1781106912.6608775,REST,0,0,0,0,35
1781106912.7420504,REST,0,0,0,0,39
1781106912.8237503,REST,0,0,0,0,43
1781106912.90522,REST,0,0,0,0,45
1781106912.9858625,REST,0,0,0,0,47
1781106913.066831,REST,0,0,0,0,50
1781106913.1470923,REST,0,0,0,0,54
1781106913.2283611,REST,0,0,0,0,62
1781106913.3094728,REST,0,0,0,0,64
1781106913.3907135,REST,0,0,0,0,66
1781106913.4718616,REST,0,0,0,0,64
1781106913.5528197,REST,0,0,0,0,62
1781106913.6335118,REST,0,0,0,0,58
1781106913.7146695,REST,0,0,0,0,49
1781106913.7951045,REST,0,0,0,0,37
1781106913.8766406,REST,0,0,0,0,31
1781106913.9574034,REST,0,0,0,0,27
1781106914.0380452,REST,0,0,0,0,0
1781106914.1198232,REST,0,0,0,0,27
1781106914.1999416,REST,0,0,0,0,25
1781106914.2807903,REST,0,0,0,0,29
1781106914.362262,REST,0,0,0,0,33
