label,index,middle,ring
FEEL,0,36,67
FEEL,0,32,71
FEEL,0,31,67
FEEL,0,30,71
FEEL,0,0,67
FEEL,0,30,67
FEEL,0,35,67
FEEL,0,43,75
FEEL,0,51,75
FEEL,27,60,78
FEEL,30,65,75
FEEL,35,72,78
FEEL,35,79,75
FEEL,40,88,75
FEEL,47,93,78
FEEL,52,97,75
FEEL,52,100,75
FEEL,55,100,78
FEEL,57,100,78
FEEL,52,93,75
FEEL,40,83,71
FEEL,35,71,71
FEEL,32,62,75
FEEL,30,57,71
FEEL,0,37,92
FEEL,0,41,92
FEEL,25,44,89
FEEL,0,45,82
FEEL,0,44,82
FEEL,0,38,78
FEEL,0,34,71
FEEL,0,30,75
FEEL,0,0,71
FEEL,0,0,67
FEEL,0,0,64
FEEL,0,32,67
FEEL,0,35,71
FEEL,0,37,75
FEEL,0,41,78
FEEL,27,44,82
FEEL,27,51,82
FEEL,35,59,82
FEEL,40,68,85
FEEL,42,74,78
FEEL,47,79,85
FEEL,50,82,85
FEEL,47,82,85
FEEL,42,76,78
FEEL,37,67,75
FEEL,32,56,64
FEEL,25,46,67
FEEL,0,39,67
FEEL,0,34,71
FEEL,0,32,75
FEEL,0,32,75
FEEL,25,38,78
FEEL,25,41,75
FEEL,0,46,75
FEEL,25,50,78
FEEL,30,56,82
FEEL,35,63,82
FEEL,35,71,89
FEEL,42,77,82
FEEL,50,82,78
FEEL,50,84,75
FEEL,50,86,75
FEEL,47,83,75
FEEL,37,73,67
FEEL,32,62,67
FEEL,27,51,67
FEEL,0,42,64
FEEL,0,37,67
FEEL,0,32,64
FEEL,0,30,64
FEEL,0,31,67
FEEL,0,34,67
FEEL,0,39,67
FEEL,0,44,67
FEEL,25,47,71
FEEL,30,54,75
FEEL,35,63,75
FEEL,40,72,75
FEEL,50,77,78
FEEL,50,81,75
FEEL,47,84,78
FEEL,47,86,78
FEEL,45,83,78
FEEL,42,75,82
FEEL,37,64,82
FEEL,30,51,85
FEEL,25,43,78
FEEL,0,35,78
FEEL,0,30,78
FEEL,0,0,78
FEEL,0,0,78
FEEL,0,32,82
FEEL,27,36,78
FEEL,30,41,75
FEEL,35,44,67
FEEL,32,51,71
FEEL,37,58,67
FEEL,42,68,67
FEEL,47,75,67
FEEL,50,80,64
FEEL,55,83,60
FEEL,55,83,60
FEEL,52,81,57
FEEL,45,75,53
FEEL,40,63,57
FEEL,27,52,57
FEEL,25,44,60
FEEL,27,38,57
FEEL,25,34,60
FEEL,0,31,57
FEEL,0,33,57
FEEL,0,35,60
FEEL,0,39,57
FEEL,0,44,60
FEEL,25,48,64
FEEL,30,54,60
FEEL,35,62,57
FEEL,42,69,60
FEEL,42,75,60
FEEL,45,80,60
FEEL,47,84,60
FEEL,52,85,60
FEEL,52,82,60
FEEL,47,75,53
FEEL,42,64,57
FEEL,37,52,57
FEEL,30,44,53
FEEL,25,38,53
FEEL,0,34,57
FEEL,0,32,53
FEEL,0,33,53
FEEL,0,37,53
FEEL,0,41,57
FEEL,0,44,60
FEEL,0,48,67
FEEL,25,54,75
FEEL,32,63,75
FEEL,37,71,71
FEEL,42,76,82
FEEL,45,82,85
FEEL,55,84,82
FEEL,55,85,85
FEEL,52,82,85
FEEL,50,75,85
FEEL,37,64,82
FEEL,27,55,82
FEEL,0,46,78
FEEL,0,40,75
FEEL,0,34,78
FEEL,0,31,78
FEEL,0,33,71
FEEL,0,35,75
FEEL,0,40,75
FEEL,0,45,75
FEEL,0,48,71
FEEL,27,52,64
FEEL,37,61,64
FEEL,42,68,60
FEEL,52,75,60
FEEL,55,79,67
FEEL,60,83,67
FEEL,60,85,67
FEEL,62,82,67
FEEL,57,73,64
FEEL,50,63,64
FEEL,42,51,64
FEEL,35,43,64
FEEL,30,37,75
FEEL,25,33,78
FEEL,0,31,75
FEEL,0,32,75
FEEL,27,35,71
FEEL,30,40,71
FEEL,32,43,67
FEEL,30,47,64
FEEL,32,55,67
FEEL,37,62,64
FEEL,40,69,67
FEEL,42,76,67
FEEL,42,80,67
FEEL,47,83,71
FEEL,45,82,71
FEEL,37,77,64
FEEL,32,67,64
FEEL,25,55,57
FEEL,0,46,57
FEEL,0,40,57
FEEL,0,34,57
FEEL,0,31,57
FEEL,0,32,53
FEEL,0,35,53
FEEL,0,39,57
FEEL,25,44,57
FEEL,30,48,57
FEEL,37,53,60
FEEL,45,61,64
NAME,37,0,100
NAME,37,30,100
NAME,35,0,100
NAME,35,0,100
NAME,35,0,100
NAME,32,0,100
NAME,32,0,100
NAME,30,0,100
NAME,25,0,100
NAME,0,0,100
NAME,0,0,100
NAME,0,0,100
NAME,0,0,100
NAME,0,0,100
NAME,0,0,100
NAME,25,0,100
NAME,0,0,100
NAME,25,0,100
NAME,25,0,100
NAME,0,0,100
NAME,27,0,100
NAME,30,30,100
NAME,30,32,100
NAME,32,34,100
NAME,0,0,96
NAME,0,0,100
NAME,0,0,100
NAME,0,0,100
NAME,0,0,100
NAME,0,0,100
NAME,0,0,100
NAME,0,0,100
NAME,0,0,100
NAME,0,0,100
NAME,0,0,100
NAME,30,0,100
NAME,25,0,100
NAME,25,0,100
NAME,0,0,100
NAME,0,0,100
NAME,25,0,100
NAME,0,0,100
NAME,0,0,100
NAME,27,0,100
NAME,30,0,100
NAME,35,0,100
NAME,40,0,100
NAME,40,0,100
NAME,40,0,100
NAME,42,0,100
NAME,45,33,100
NAME,45,34,100
NAME,42,34,100
NAME,45,32,100
NAME,42,0,100
NAME,32,0,100
NAME,0,0,100
NAME,0,0,100
NAME,0,0,100
NAME,0,0,100
NAME,0,0,100
NAME,0,0,100
NAME,0,0,100
NAME,0,0,100
NAME,27,0,100
NAME,27,0,100
NAME,32,0,100
NAME,40,0,100
NAME,45,0,100
NAME,47,0,100
NAME,50,0,100
NAME,52,31,100
NAME,52,31,100
NAME,50,0,100
NAME,40,0,100
NAME,35,0,100
NAME,27,0,100
NAME,25,0,100
NAME,0,0,100
NAME,0,0,100
NAME,0,0,100
NAME,0,0,100
NAME,25,0,100
NAME,27,0,100
NAME,27,0,100
NAME,30,0,100
NAME,37,0,100
NAME,42,0,100
NAME,45,0,100
NAME,42,0,100
NAME,45,30,100
NAME,47,30,100
NAME,47,30,100
NAME,42,0,100
NAME,35,0,100
NAME,27,0,100
NAME,0,0,100
NAME,0,0,100
NAME,0,0,100
NAME,0,0,100
NAME,0,0,100
NAME,0,0,100
NAME,0,0,100
NAME,0,0,100
NAME,0,0,100
NAME,27,0,100
NAME,30,0,100
NAME,35,0,100
NAME,40,0,100
NAME,45,0,100
NAME,45,0,100
NAME,45,0,100
NAME,47,0,100
NAME,50,0,100
NAME,45,0,100
NAME,35,0,100
NAME,27,0,100
NAME,0,0,100
NAME,0,0,100
NAME,0,0,100
NAME,0,0,100
NAME,0,0,100
NAME,0,0,100
NAME,25,0,100
NAME,0,0,100
NAME,0,0,100
NAME,30,0,100
NAME,35,0,100
NAME,37,0,100
NAME,40,0,100
NAME,42,0,100
NAME,42,31,100
NAME,37,30,100
NAME,32,0,100
NAME,0,0,100
NAME,0,0,100
NAME,0,0,100
NAME,0,0,100
NAME,0,0,100
NAME,0,0,100
NAME,0,0,100
NAME,0,0,100
NAME,0,0,100
NAME,0,0,100
NAME,0,0,100
NAME,0,0,100
NAME,35,0,100
NAME,32,0,100
NAME,35,0,100
NAME,40,0,100
NAME,40,0,100
NAME,40,0,100
NAME,32,0,100
NAME,25,0,100
NAME,0,0,100
NAME,0,0,100
NAME,0,0,100
NAME,0,0,100
NAME,0,0,100
NAME,0,0,100
NAME,0,0,100
NAME,0,0,100
NAME,0,0,100
NAME,27,0,100
NAME,32,0,100
NAME,37,0,100
NAME,42,0,100
NAME,47,0,100
NAME,50,0,100
NAME,47,0,100
NAME,50,0,100
NAME,50,30,100
NAME,47,0,100
NAME,37,0,100
NAME,30,0,100
NAME,0,0,100
NAME,0,0,100
NAME,0,0,100
NAME,0,0,100
NAME,0,0,100
NAME,0,0,100
NAME,0,0,100
NAME,0,0,100
NAME,0,0,100
NAME,0,0,100
NAME,32,0,100
NAME,37,0,100
NAME,45,0,100
NAME,50,0,100
NAME,52,0,100
NAME,55,0,100
NAME,50,0,100
NAME,47,0,100
NAME,42,0,100
NAME,35,0,100
NAME,25,0,100
NAME,27,0,100
NAME,0,0,100
NAME,0,0,100
NAME,0,0,100
REST,0,0,0
REST,0,0,0
REST,0,0,0
REST,0,0,0
REST,0,0,0
REST,0,0,0
REST,0,0,0
REST,0,0,0
REST,0,0,0
REST,0,0,0
REST,0,0,0
REST,0,0,0
REST,0,0,0
REST,0,0,0
REST,0,0,0
REST,0,0,0
REST,0,0,0
REST,0,0,0
REST,0,0,0
REST,0,0,0
REST,0,0,0
REST,0,0,0
REST,0,0,0
REST,0,0,0
REST,0,0,0
REST,0,0,0
REST,0,0,0
REST,0,0,0
REST,0,0,0
REST,0,0,0
REST,0,0,0
REST,0,0,0
REST,0,0,0
REST,0,0,0
REST,0,0,0
REST,0,0,0
REST,0,0,0
REST,0,0,0
REST,0,0,0
REST,0,0,0
REST,0,0,0
REST,0,0,0
REST,0,0,0
REST,0,0,0
REST,0,0,0
REST,0,0,0
REST,0,0,0
REST,0,0,0
REST,0,0,0
REST,0,0,0
REST,0,0,0
REST,0,0,0
REST,0,0,0
REST,0,0,0
REST,0,0,0
REST,0,0,0
REST,0,0,0
REST,0,0,0
REST,0,0,0
REST,0,0,0
REST,0,0,0
REST,0,0,0
REST,0,0,0
REST,0,0,0
REST,0,0,0
REST,0,0,0
REST,0,0,0
REST,0,0,0
REST,0,0,0
REST,0,0,0
REST,0,0,0
REST,0,0,0
REST,0,0,0
REST,0,0,0
REST,0,0,0
REST,0,0,0
REST,0,0,0
REST,0,0,0
REST,0,0,0
REST,0,0,0
REST,0,0,0
REST,0,0,0
REST,0,0,0
REST,0,0,0
REST,0,0,0
REST,0,0,0
REST,0,0,0
REST,0,0,0
REST,0,0,0
REST,0,0,0
REST,0,0,0
REST,0,0,0
REST,0,0,0
REST,0,0,0
REST,0,0,0
REST,0,0,0
REST,0,0,0
REST,0,0,0
REST,0,0,0
REST,0,0,0
REST,0,0,0
REST,0,0,0
REST,0,0,0
REST,0,0,0
REST,0,0,0
REST,0,0,0
REST,0,0,0
REST,0,0,0
REST,0,0,0
REST,0,0,0
REST,0,0,0
REST,0,0,0
REST,0,0,0
REST,0,0,0
REST,0,0,0
REST,0,0,0
REST,0,0,0
REST,0,0,0
REST,0,0,0
REST,0,0,0
REST,0,0,0
REST,0,0,0
REST,0,0,0
REST,0,0,0
REST,0,0,0
REST,0,0,0
REST,0,0,0
REST,0,0,0
REST,0,0,0
REST,0,0,0
REST,0,0,0
REST,0,0,0
REST,0,0,0
REST,0,0,0
REST,0,0,0
REST,0,0,0
REST,0,0,0
REST,0,0,0
REST,0,0,0
REST,0,0,0
REST,0,0,0
REST,0,0,0
REST,0,0,0
REST,0,0,0
REST,0,0,0
REST,0,0,0
REST,0,0,0
REST,0,0,0
REST,0,0,0
REST,0,0,0
REST,0,0,0
REST,0,0,0
REST,0,0,0
REST,0,0,0
REST,0,0,0
REST,0,0,0
REST,0,0,0
REST,0,0,0
REST,0,0,0
REST,0,0,0
REST,0,0,0
REST,0,0,0
REST,0,0,0
REST,0,0,0
REST,0,0,0
REST,0,0,0
REST,0,0,0
REST,0,0,0
REST,0,0,0
REST,0,0,0
REST,0,0,0
REST,0,0,0
REST,0,0,0
REST,0,0,0
REST,0,0,0
REST,0,0,0
REST,0,0,0
REST,0,0,0
REST,0,0,0
REST,0,0,0
REST,0,0,0
REST,0,0,0
REST,0,0,0
REST,0,0,0
REST,0,0,0
REST,0,0,0
REST,0,0,0
REST,0,0,0
REST,0,0,0
REST,0,0,0
REST,0,0,0
REST,0,0,0
REST,0,0,0
REST,0,0,0
REST,0,0,0
REST,0,0,0
REST,0,0,0
REST,0,0,0
REST,0,0,0
REST,0,0,0
WHERE,90,0,64
WHERE,90,0,67
WHERE,90,0,64
WHERE,87,0,64
WHERE,77,0,67
WHERE,72,0,71
WHERE,67,0,71
WHERE,67,0,71
WHERE,65,0,71
WHERE,70,0,67
WHERE,72,0,71
WHERE,70,0,67
WHERE,72,0,71
WHERE,72,0,67
WHERE,75,0,71
WHERE,80,0,71
WHERE,85,0,71
WHERE,87,0,67
WHERE,87,0,64
WHERE,82,0,64
WHERE,80,0,60
WHERE,72,0,60
WHERE,72,0,60
WHERE,75,0,60
WHERE,75,0,60
WHERE,100,100,100
WHERE,92,100,100
WHERE,82,100,100
WHERE,77,100,100
WHERE,72,100,100
WHERE,70,97,100
WHERE,70,93,100
WHERE,67,91,100
WHERE,67,91,100
WHERE,67,91,100
WHERE,62,89,100
WHERE,60,86,100
WHERE,57,89,100
WHERE,62,96,100
WHERE,70,100,100
WHERE,72,100,100
WHERE,72,100,100
WHERE,72,100,100
WHERE,67,100,100
WHERE,65,100,100
WHERE,57,100,100
WHERE,50,87,100
WHERE,50,77,100
WHERE,47,71,100
WHERE,47,66,100
WHERE,47,63,100
WHERE,47,62,100
WHERE,50,64,100
WHERE,50,67,100
WHERE,55,72,100
WHERE,57,76,100
WHERE,57,82,100
WHERE,60,89,100
WHERE,62,96,100
WHERE,67,100,100
WHERE,67,100,100
WHERE,67,100,100
WHERE,65,100,100
WHERE,65,100,100
WHERE,60,100,100
WHERE,55,94,100
WHERE,47,82,100
WHERE,42,72,100
WHERE,40,65,100
WHERE,40,60,100
WHERE,40,58,100
WHERE,37,58,100
WHERE,37,60,100
WHERE,42,66,100
WHERE,45,70,100
WHERE,45,74,100
WHERE,45,79,100
WHERE,50,86,100
WHERE,57,95,100
WHERE,60,100,100
WHERE,60,100,100
WHERE,62,100,100
WHERE,62,100,100
WHERE,57,100,100
WHERE,55,96,100
WHERE,45,84,100
WHERE,40,72,100
WHERE,42,65,100
WHERE,42,61,100
WHERE,37,58,100
WHERE,35,58,100
WHERE,37,61,100
WHERE,42,65,100
WHERE,42,71,100
WHERE,45,75,100
WHERE,47,79,100
WHERE,52,87,100
WHERE,57,95,100
WHERE,60,100,100
WHERE,60,100,100
WHERE,60,100,100
WHERE,62,100,100
WHERE,62,100,100
WHERE,57,100,100
WHERE,52,94,100
WHERE,50,82,100
WHERE,45,74,100
WHERE,40,68,100
WHERE,37,63,100
WHERE,37,62,100
WHERE,40,62,100
WHERE,40,63,100
WHERE,42,67,100
WHERE,45,72,100
WHERE,45,75,100
WHERE,47,80,100
WHERE,47,87,100
WHERE,52,96,100
WHERE,55,100,100
WHERE,62,100,100
WHERE,65,100,100
WHERE,62,100,100
WHERE,55,100,100
WHERE,50,95,100
WHERE,45,82,100
WHERE,42,72,100
WHERE,40,64,100
WHERE,42,58,100
WHERE,40,55,100
WHERE,40,55,100
WHERE,40,56,100
WHERE,37,60,100
WHERE,42,66,100
WHERE,45,71,100
WHERE,50,79,100
WHERE,52,88,100
WHERE,57,97,100
WHERE,60,100,100
WHERE,62,100,100
WHERE,62,100,100
WHERE,65,100,100
WHERE,62,100,100
WHERE,60,100,100
WHERE,55,96,100
WHERE,50,82,100
WHERE,50,75,100
WHERE,50,68,100
WHERE,52,65,100
WHERE,52,63,100
WHERE,50,66,100
WHERE,52,70,100
WHERE,55,74,100
WHERE,57,77,100
WHERE,55,79,100
WHERE,57,83,100
WHERE,62,91,100
WHERE,67,100,100
WHERE,65,100,100
WHERE,65,100,100
WHERE,67,100,100
WHERE,67,100,100
WHERE,62,100,100
WHERE,52,89,100
WHERE,47,78,100
WHERE,40,69,100
WHERE,40,63,100
WHERE,37,58,100
WHERE,32,54,100
WHERE,32,53,100
WHERE,35,56,100
WHERE,37,61,100
WHERE,35,66,100
WHERE,40,70,100
WHERE,42,76,100
WHERE,47,84,100
WHERE,52,93,100
WHERE,55,100,100
WHERE,57,100,100
WHERE,62,100,100
WHERE,65,100,100
WHERE,62,100,100
WHERE,55,100,100
WHERE,47,90,100
WHERE,42,79,100
WHERE,37,70,100
WHERE,37,64,100
WHERE,37,59,100
WHERE,37,58,100
WHERE,37,61,100
WHERE,40,64,100
WHERE,37,68,100
WHERE,37,72,100
WHERE,40,74,100
WHERE,42,79,100
WHERE,47,86,100
WHERE,50,93,100
WHERE,52,98,100
WHERE,52,100,100
WHERE,55,100,100
WHERE,55,100,100
YES,100,100,100
YES,100,100,100
YES,100,100,100
YES,100,100,100
YES,100,100,100
YES,100,100,100
YES,100,100,100
YES,100,100,100
YES,100,100,100
YES,100,100,100
YES,100,100,100
YES,100,95,100
YES,95,89,100
YES,95,88,100
YES,100,89,100
YES,100,91,100
YES,100,92,100
YES,100,91,100
YES,100,91,100
YES,100,91,100
YES,97,91,100
YES,100,93,100
YES,100,93,100
YES,97,92,100
YES,92,92,100
YES,100,100,100
YES,100,98,100
YES,100,89,100
YES,100,82,100
YES,100,74,100
YES,85,71,100
YES,95,75,100
YES,100,81,100
YES,100,86,100
YES,100,90,100
YES,100,92,100
YES,100,90,100
YES,100,85,100
YES,95,75,100
YES,85,74,100
YES,90,80,100
YES,95,86,100
YES,97,90,100
YES,100,92,100
YES,97,90,100
YES,85,85,100
YES,70,75,100
YES,92,73,100
YES,100,80,100
YES,100,83,100
YES,100,86,100
YES,100,89,100
YES,100,88,100
YES,100,84,100
YES,100,75,100
YES,95,72,100
YES,97,79,100
YES,100,84,100
YES,97,89,100
YES,100,92,100
YES,100,91,100
YES,97,86,100
YES,87,77,100
YES,85,70,100
YES,92,76,100
YES,100,83,100
YES,100,86,100
YES,100,89,100
YES,100,89,100
YES,100,89,100
YES,97,83,100
YES,82,74,100
YES,100,74,100
YES,100,79,100
YES,100,84,100
YES,100,86,100
YES,100,87,100
YES,100,83,100
YES,92,75,100
YES,95,70,100
YES,100,77,100
YES,100,83,100
YES,100,87,100
YES,100,90,100
YES,100,91,100
YES,100,91,100
YES,100,86,100
YES,92,74,100
YES,100,72,100
YES,100,79,100
YES,100,84,100
YES,100,87,100
YES,100,88,100
YES,100,86,100
YES,100,79,100
YES,92,70,100
YES,97,75,100
YES,100,79,100
YES,100,82,100
YES,100,83,100
YES,100,80,100
YES,92,73,100
YES,92,72,100
YES,100,81,100
YES,100,89,100
YES,100,93,100
YES,100,96,100
YES,100,96,100
YES,100,96,100
YES,100,89,100
YES,95,80,100
YES,82,72,100
YES,87,78,100
YES,95,83,100
YES,97,86,100
YES,97,88,100
YES,100,86,100
YES,95,82,100
YES,90,72,100
YES,90,73,100
YES,97,80,100
YES,97,83,100
YES,100,87,100
YES,100,88,100
YES,100,86,100
YES,97,79,100
YES,90,70,100
YES,97,75,100
YES,100,82,100
YES,100,87,100
YES,100,89,100
YES,100,90,100
YES,100,89,100
YES,100,83,100
YES,92,74,100
YES,97,75,100
YES,100,80,100
YES,100,84,100
YES,100,87,100
YES,100,89,100
YES,100,88,100
YES,97,82,100
YES,90,72,100
YES,100,75,100
YES,100,79,100
YES,100,83,100
YES,100,84,100
YES,100,83,100
YES,95,79,100
YES,85,71,100
YES,80,72,100
YES,90,78,100
YES,97,83,100
YES,97,87,100
YES,100,89,100
YES,100,86,100
YES,90,77,100
YES,82,70,100
YES,90,79,100
YES,95,82,100
YES,100,85,100
YES,100,83,100
YES,100,82,100
YES,97,78,100
YES,100,71,100
YES,100,76,100
YES,100,81,100
YES,100,84,100
YES,100,84,100
YES,100,79,100
YES,90,72,100
YES,90,75,100
YES,92,78,100
YES,95,80,100
YES,92,80,100
YES,82,79,100
YES,80,77,100
YES,80,83,100
YES,85,89,100
YES,90,91,100
YES,87,91,100
YES,82,90,100
YES,75,86,100
YES,67,79,100
YES,77,72,100
YES,87,79,100
YES,92,84,100
YES,92,88,100
YES,90,89,100
YES,87,82,100
YES,77,71,100
YES,92,78,100
YES,100,82,100
YES,100,85,100
YES,100,87,100
YES,100,86,100
YES,100,81,100
YES,90,71,100
YES,90,70,100
YES,97,77,100
